CustomerID,Recency,Frequency,Monetary,Cluster
12346.0,269,1,77183.6,1
12347.0,260,1,475.39,3
12348.0,19,3,1430.24,2
12352.0,15,5,1209.66,2
12353.0,147,1,89.0,0
12354.0,176,1,1079.4,3
12356.0,269,1,2271.62,3
12359.0,1,1,2876.85,2
12360.0,56,2,1618.28,0
12361.0,230,1,189.9,3
12362.0,16,3,1804.33,2
12363.0,53,1,252.9,0
12364.0,21,2,703.72,2
12365.0,234,2,641.38,3
12370.0,301,2,1868.02,3
12372.0,15,2,782.34,2
12377.0,258,2,1628.12,3
12379.0,25,2,852.24,2
12380.0,21,1,626.01,2
12383.0,181,3,1099.95,3
12388.0,19,3,2159.31,2
12390.0,23,1,549.84,2
12393.0,15,2,698.5,2
12395.0,55,4,990.17,2
12397.0,78,1,1214.81,0
12399.0,205,1,288.05,3
12402.0,266,1,225.6,3
12405.0,92,1,1710.39,0
12407.0,77,3,688.3,0
12408.0,119,3,1491.77,0
12409.0,22,2,4865.59,2
12412.0,18,3,1226.88,2
12413.0,179,1,84.65,3
12414.0,171,1,242.8,3
12415.0,57,9,74976.34,1
12417.0,50,4,1613.77,2
12418.0,56,1,668.58,0
12421.0,58,3,628.56,2
12422.0,112,2,655.86,0
12423.0,44,5,1310.39,2
12424.0,106,2,1760.96,0
12425.0,21,1,777.2,2
12426.0,138,1,582.73,0
12428.0,197,2,967.6,3
12429.0,116,2,1563.38,0
12431.0,80,8,3432.4,2
12432.0,114,3,4016.66,0
12434.0,28,2,806.14,2
12435.0,23,2,7829.89,2
12437.0,21,8,2156.13,2
12438.0,84,1,890.0699999999999,0
12444.0,29,2,2432.74,2
12446.0,1,1,1002.31,2
12450.0,116,1,101.88,0
12451.0,268,1,2919.51,3
12453.0,77,1,707.09,0
12455.0,16,3,1989.4,2
12456.0,74,2,2265.4,0
12457.0,25,6,2166.88,2
12458.0,14,2,947.4,2
12463.0,118,2,635.22,0
12464.0,50,5,566.65,2
12465.0,113,1,440.94,0
12468.0,260,1,220.59,3
12471.0,21,13,6819.799999999999,2
12472.0,82,4,3296.3,2
12473.0,58,1,514.06,0
12474.0,81,11,3704.78,2
12476.0,28,6,3414.07,2
12477.0,44,2,6478.08,2
12480.0,86,2,1328.7,0
12481.0,123,6,3339.29,0
12483.0,149,2,438.6,0
12484.0,44,3,2524.48,2
12488.0,19,1,553.39,2
12490.0,44,4,2185.27,2
12492.0,48,1,126.39,0
12493.0,109,2,433.74,0
12494.0,139,3,658.0400000000001,0
12497.0,25,1,1043.1,2
12498.0,1,1,247.25,2
12500.0,50,4,1179.06,2
12502.0,212,1,702.8,3
12506.0,176,1,73.5,3
12507.0,77,2,1258.06,0
12509.0,227,1,176.5,3
12510.0,86,2,982.57,0
12513.0,56,1,612.29,0
12514.0,210,1,1017.68,3
12515.0,296,1,383.7,3
12516.0,21,1,728.86,2
12517.0,17,1,417.2,2
12518.0,20,2,849.73,2
12520.0,22,4,1646.84,2
12521.0,86,1,599.68,0
12523.0,22,6,900.4300000000001,2
12524.0,105,3,1215.32,0
12527.0,25,3,348.71000000000004,2
12528.0,58,3,1009.24,2
12530.0,177,1,417.6,3
12539.0,205,2,2801.84,3
12540.0,21,7,6445.12,2
12541.0,116,1,223.74,0
12545.0,19,2,1000.39,2
12546.0,21,1,760.2,2
12547.0,141,1,48.4,0
12548.0,109,1,95.2,0
12550.0,22,1,964.83,2
12551.0,301,1,168.0,3
12553.0,53,5,1817.59,2
12557.0,199,1,817.5,3
12559.0,263,1,486.11,3
12560.0,55,2,1436.31,0
12562.0,25,3,1343.87,2
12564.0,204,1,456.9,3
12565.0,232,1,145.92,3
12566.0,29,1,351.65,2
12567.0,51,3,3206.37,2
12569.0,50,7,921.3,2
12573.0,170,1,160.54000000000002,3
12574.0,259,1,218.45,3
12576.0,93,1,239.2,0
12577.0,302,1,195.89,3
12578.0,273,1,1608.66,3
12579.0,21,1,440.42,2
12582.0,182,2,511.36,3
12583.0,14,5,1790.39,2
12584.0,1,3,744.96,2
12585.0,178,2,2040.1,3
12589.0,88,1,131.5,0
12591.0,260,1,452.85,3
12593.0,52,1,96.3,0
12594.0,135,6,1764.99,0
12597.0,211,1,516.15,3
12598.0,14,2,1082.62,2
12599.0,108,3,396.28,0
12600.0,27,7,1715.02,2
12601.0,147,2,251.6,0
12604.0,22,2,254.18,2
12609.0,21,2,614.05,2
12610.0,50,1,309.5,0
12612.0,17,1,704.0400000000001,2
12613.0,141,4,1462.52,0
12615.0,15,2,1211.39,2
12616.0,240,1,255.6,3
12619.0,21,6,2370.7,2
12620.0,24,2,939.32,2
12621.0,24,13,9024.0,2
12622.0,175,1,180.1,3
12624.0,49,2,641.13,0
12625.0,263,1,1716.62,3
12626.0,56,5,3711.16,2
12627.0,52,3,1470.41,2
12633.0,140,2,1729.55,0
12637.0,182,4,2391.75,3
12639.0,182,1,486.1,3
12640.0,25,1,764.59,2
12641.0,59,1,185.9,0
12642.0,51,1,366.45,0
12643.0,115,1,250.50000000000003,0
12645.0,53,2,881.26,0
12647.0,21,4,1141.6,2
12649.0,50,2,248.51,0
12653.0,92,2,2209.85,0
12654.0,141,3,337.75,0
12656.0,16,4,3465.42,2
12657.0,22,1,618.44,2
12662.0,51,3,1260.4,2
12664.0,30,4,2277.08,2
12665.0,268,1,63.0,3
12668.0,202,3,2924.4700000000003,3
12669.0,200,1,1136.3,3
12670.0,143,2,1026.39,0
12672.0,273,1,225.9,3
12673.0,270,1,220.9,3
12674.0,114,2,976.8,0
12676.0,14,2,349.58000000000004,2
12678.0,22,8,6606.98,2
12679.0,31,2,206.64,2
12680.0,17,2,500.98,2
12681.0,21,10,6007.82,2
12682.0,25,12,3964.78,2
12683.0,48,4,3118.97,2
12684.0,114,3,890.38,0
12685.0,1,2,554.32,2
12688.0,57,1,4873.81,0
12690.0,149,1,389.01,0
12691.0,88,4,556.3,0
12693.0,207,2,401.9,3
12694.0,14,1,430.17,2
12695.0,51,2,333.90000000000003,0
12697.0,74,2,733.91,0
12701.0,23,1,460.63,2
12703.0,14,1,283.55,2
12704.0,21,3,985.66,2
12705.0,21,3,2685.47,2
12707.0,235,1,603.42,3
12708.0,16,6,1920.04,2
12709.0,14,7,4537.4,2
12710.0,144,1,718.96,0
12712.0,50,4,1465.7,2
12714.0,50,4,3389.7,2
12715.0,49,1,353.86,0
12716.0,77,1,677.9,0
12718.0,14,1,238.25,2
12720.0,23,7,1667.25,2
12721.0,23,2,629.5,2
12722.0,28,3,694.71,2
12724.0,25,2,668.27,2
12726.0,29,4,1245.2,2
12727.0,240,2,1434.16,3
12728.0,14,3,583.79,2
12729.0,57,1,453.01,0
12731.0,14,7,12189.45,2
12732.0,123,1,236.26,0
12733.0,177,1,383.95,3
12734.0,296,1,110.4,3
12735.0,259,1,459.8,3
12739.0,22,1,37.5,2
12743.0,77,2,546.43,0
12744.0,88,2,6002.39,0
12747.0,53,5,1657.1,2
12748.0,14,61,9840.91,2
12752.0,25,1,4366.78,2
12753.0,79,1,3680.4,0
12754.0,179,1,2949.12,3
12756.0,30,1,112.07999999999998,0
12757.0,86,4,3877.33,2
12758.0,60,1,1221.4,0
12759.0,115,1,637.72,0
12763.0,81,1,174.0,0
12764.0,260,1,1693.88,3
12766.0,1,4,4435.43,2
12769.0,182,1,1143.6,3
12770.0,154,1,1351.45,0
12775.0,146,2,530.4300000000001,0
12778.0,202,3,408.06,3
12779.0,142,3,1683.21,0
12781.0,228,1,549.26,3
12782.0,93,4,2078.67,0
12783.0,18,1,339.02,2
12787.0,136,1,158.1,0
12790.0,135,1,324.92,0
12792.0,200,1,400.54,3
12798.0,114,1,1607.04,0
12809.0,121,1,489.31,0
12811.0,204,3,514.85,3
12814.0,45,1,125.92,0
12815.0,91,2,1063.46,0
12816.0,120,1,318.65000000000003,0
12818.0,205,1,1542.08,3
12820.0,18,2,388.23,2
12822.0,14,2,948.88,2
12823.0,18,4,1530.0,2
12826.0,15,4,897.62,2
12828.0,56,1,111.2,0
12829.0,303,1,85.75,3
12830.0,77,3,4556.08,2
12831.0,206,1,215.05,3
12833.0,88,1,417.38,0
12836.0,80,1,451.13,0
12837.0,116,1,134.1,0
12839.0,15,6,1924.78,2
12840.0,87,2,1430.07,0
12841.0,50,8,1251.37,2
12842.0,13,1,808.26,2
12843.0,111,3,419.9,0
12845.0,211,4,354.09,3
12849.0,212,1,704.5,3
12852.0,238,1,311.55,3
12853.0,78,6,1957.1,2
12854.0,22,2,904.03,2
12857.0,154,1,304.8,0
12864.0,82,1,147.12,0
12867.0,108,4,1901.2,0
12868.0,212,2,430.72,3
12871.0,27,2,380.64,2
12872.0,270,1,221.44,3
12875.0,86,1,49.470000000000006,0
12876.0,1,2,2218.02,2
12877.0,22,7,883.47,2
12878.0,180,2,854.99,3
12879.0,24,1,367.2,2
12888.0,198,1,272.76,3
12891.0,236,1,42.0,3
12895.0,30,1,267.8,2
12897.0,148,1,87.7,0
12901.0,25,16,12623.35,2
12902.0,208,1,138.68,3
12904.0,116,1,244.69,0
12906.0,21,2,1936.59,2
12908.0,119,2,750.0,0
12909.0,31,4,1857.35,2
12910.0,22,4,1329.96,2
12915.0,92,1,164.0,0
12916.0,82,4,3006.15,2
12919.0,60,2,388.85,0
12921.0,27,10,4827.15,2
12924.0,142,2,425.47,0
12925.0,18,1,368.31,2
12928.0,91,2,748.44,0
12930.0,21,2,415.8,2
12931.0,45,8,4135.5,2
12933.0,114,1,246.74,0
12935.0,53,4,1535.34,2
12936.0,21,1,798.46,2
12937.0,14,3,826.44,2
12939.0,23,4,5183.88,2
12940.0,31,1,361.27,0
12942.0,74,2,425.15,0
12944.0,298,1,286.95,3
12945.0,231,1,462.95,3
12947.0,87,2,653.87,0
12948.0,48,3,1066.66,2
12949.0,57,3,1142.15,2
12951.0,117,4,596.59,0
12952.0,21,1,731.54,2
12955.0,87,4,1140.32,0
12957.0,15,4,1640.52,2
12962.0,57,1,170.54000000000002,0
12963.0,28,1,253.91,2
12967.0,301,1,292.5,3
12968.0,55,1,135.95,0
12970.0,265,2,23.8,3
12971.0,17,41,5770.81,2
12974.0,141,1,144.8,0
12980.0,120,4,3291.96,0
12981.0,76,1,187.18,0
12987.0,17,2,558.7,2
12988.0,235,1,535.32,3
12989.0,143,6,3125.44,0
12991.0,55,1,303.56,0
12993.0,151,2,175.29999999999998,0
12994.0,212,1,352.6,3
12995.0,28,1,211.32,2
12997.0,180,2,608.47,3
12999.0,140,2,135.6,0
13000.0,50,2,333.1,0
13001.0,183,7,5488.75,3
13002.0,261,1,120.95,3
13003.0,49,1,60.0,0
13004.0,21,9,2629.54,2
13005.0,117,1,192.05,0
13008.0,266,1,229.47,3
13012.0,21,3,875.72,2
13013.0,51,2,512.85,0
13014.0,18,4,1411.4,2
13015.0,140,1,783.67,0
13016.0,16,2,364.64,2
13018.0,16,16,4376.6,2
13021.0,13,5,1270.98,2
13027.0,57,4,5376.0,2
13029.0,82,2,773.1999999999999,0
13032.0,30,1,496.3,2
13033.0,300,1,190.55,3
13035.0,17,2,921.88,2
13037.0,81,2,554.17,0
13038.0,23,2,711.8000000000001,2
13044.0,234,1,560.47,3
13046.0,209,1,197.72,3
13047.0,116,2,989.55,0
13048.0,57,3,1375.05,2
13049.0,261,1,153.78,3
13050.0,49,8,2597.82,2
13055.0,21,2,869.55,2
13060.0,197,1,307.53,3
13061.0,15,1,248.61,2
13064.0,271,1,203.3,3
13067.0,26,1,115.46,2
13068.0,263,1,165.0,3
13069.0,142,7,1329.2,0
13070.0,135,1,228.8,0
13072.0,210,1,177.15,3
13077.0,233,2,263.72,3
13078.0,26,12,6087.59,2
13079.0,18,2,136.7,2
13080.0,122,1,58.08,0
13081.0,87,4,8319.85,2
13082.0,120,6,1866.09,0
13083.0,19,1,192.39,2
13085.0,238,1,278.1,3
13089.0,14,50,25685.29,2
13090.0,79,6,3903.62,2
13092.0,14,3,326.83,2
13093.0,231,4,4362.13,3
13094.0,23,3,640.44,2
13095.0,14,1,74.39999999999999,2
13097.0,21,7,4066.14,2
13098.0,31,8,7106.72,2
13101.0,177,1,101.19,3
13102.0,24,9,1951.0,2
13104.0,29,4,579.0,2
13106.0,76,1,76.5,0
13107.0,29,2,840.58,2
13110.0,80,3,502.09,0
13113.0,57,11,6845.68,2
13116.0,81,1,501.14,0
13117.0,182,2,177.06,3
13118.0,152,3,799.7,0
13120.0,182,1,30.6,3
13121.0,212,1,283.73,3
13122.0,183,1,903.67,3
13124.0,302,1,1256.32,3
13126.0,16,2,628.73,2
13127.0,21,1,259.17,2
13131.0,14,1,447.3,2
13132.0,205,1,77.3,3
13134.0,29,3,1433.54,2
13135.0,140,1,3096.0,0
13136.0,31,3,1573.62,2
13137.0,47,2,593.91,0
13138.0,23,3,494.66,2
13139.0,16,3,2824.04,2
13140.0,51,2,264.21,0
13141.0,28,4,2028.57,2
13148.0,77,7,2009.03,2
13149.0,50,3,1132.62,2
13151.0,239,1,1257.87,3
13155.0,23,2,502.8,2
13157.0,84,2,573.0799999999999,0
13158.0,262,1,256.41,3
13159.0,49,2,851.59,0
13161.0,256,1,112.75,3
13162.0,176,1,548.4300000000001,3
13165.0,294,1,354.64,3
13167.0,87,1,242.91,0
13168.0,142,3,972.66,0
13171.0,242,1,140.35,3
13174.0,259,1,692.3000000000001,3
13178.0,17,7,3953.93,2
13183.0,30,5,2158.36,2
13184.0,91,4,658.91,0
13185.0,211,1,71.4,3
13189.0,59,1,127.0,0
13192.0,148,1,464.32,0
13194.0,79,1,60.7,0
13196.0,28,2,1586.95,2
13198.0,262,2,1184.74,3
13199.0,47,16,3475.32,2
13200.0,17,1,307.69,2
13208.0,150,2,531.76,0
13209.0,87,4,3560.82,2
13211.0,304,1,110.7,3
13213.0,142,2,415.28,0
13216.0,211,1,333.74,3
13217.0,75,1,396.96,0
13220.0,22,2,176.20000000000002,2
13221.0,183,2,847.41,3
13223.0,144,2,163.20000000000002,0
13225.0,86,4,3035.84,2
13227.0,145,1,257.7,0
13228.0,24,1,358.0,2
13229.0,169,1,160.95,3
13230.0,81,7,1239.85,2
13232.0,140,2,574.47,0
13233.0,18,1,300.88,2
13236.0,50,1,439.23,0
13238.0,107,2,318.85,0
13239.0,205,1,329.56,3
13240.0,116,2,329.54,0
13242.0,56,1,166.4,0
13243.0,147,1,600.07,0
13246.0,120,5,1860.99,0
13247.0,26,1,305.07,2
13249.0,204,1,291.84000000000003,3
13258.0,149,1,224.62,0
13261.0,212,2,944.1,3
13262.0,206,1,200.29,3
13263.0,14,16,3669.18,2
13266.0,19,5,1540.42,2
13267.0,54,7,1580.82,2
13268.0,28,5,2038.35,2
13269.0,53,4,1309.54,2
13273.0,56,1,138.98,0
13277.0,59,2,125.9,0
13279.0,21,1,137.75,2
13280.0,259,1,392.01,3
13282.0,106,1,428.4,0
13284.0,274,1,201.19,3
13285.0,170,2,1173.27,3
13292.0,227,1,249.57,3
13295.0,303,1,201.2,3
13296.0,80,1,87.4,0
13299.0,212,1,142.5,3
13300.0,113,1,371.89,0
13301.0,47,2,311.1,0
13304.0,294,1,300.42,3
13305.0,58,3,598.2,2
13308.0,147,1,814.95,0
13309.0,150,1,155.93,0
13310.0,150,2,817.65,0
13313.0,84,1,308.6,0
13314.0,17,1,499.62,2
13316.0,23,3,4463.56,2
13317.0,142,5,1313.98,0
13319.0,56,10,3837.93,2
13320.0,21,2,1040.09,2
13321.0,15,2,567.36,2
13323.0,28,1,120.3,2
13324.0,146,5,2472.12,0
13325.0,25,1,675.3,2
13327.0,56,4,1543.35,2
13328.0,259,1,1308.48,3
13330.0,259,1,335.82,3
13334.0,25,1,804.98,2
13336.0,20,1,795.12,2
13339.0,144,1,860.12,0
13340.0,49,4,5551.51,2
13341.0,204,1,775.85,3
13343.0,121,1,353.43,0
13345.0,231,1,389.5,3
13347.0,14,1,341.36,2
13350.0,23,1,646.57,2
13354.0,15,1,743.53,2
13356.0,23,1,768.24,2
13357.0,200,1,609.95,3
13358.0,212,1,439.03,3
13362.0,231,1,812.7,3
13364.0,14,1,134.95999999999998,2
13368.0,200,1,588.0,3
13376.0,147,2,770.0,0
13379.0,80,1,136.29,0
13381.0,56,4,2461.33,2
13384.0,17,4,2548.23,2
13385.0,273,1,534.57,3
13388.0,75,2,677.1,0
13389.0,18,2,580.15,2
13390.0,18,1,544.08,2
13391.0,147,1,59.8,0
13394.0,21,3,930.02,2
13396.0,263,1,387.27,3
13397.0,16,3,865.51,2
13398.0,136,1,457.34,0
13405.0,17,3,572.451,2
13408.0,18,31,13775.35,2
13410.0,18,3,588.26,2
13411.0,50,1,213.55,0
13414.0,77,2,922.8,0
13416.0,24,1,275.0,2
13417.0,148,1,236.0,0
13418.0,28,6,1795.82,2
13420.0,93,2,159.85,0
13421.0,233,1,825.04,3
13425.0,51,3,1624.21,2
13426.0,182,3,982.57,3
13429.0,18,1,330.6,2
13430.0,29,1,336.31,2
13434.0,17,1,461.4,2
13435.0,18,2,1278.04,2
13437.0,113,1,220.83,0
13439.0,198,1,283.71,3
13448.0,24,1,1065.79,2
13450.0,148,1,437.94,0
13451.0,212,1,610.88,3
13452.0,202,2,590.0,3
13453.0,109,2,356.98,0
13456.0,119,2,425.06,0
13458.0,79,4,2958.14,2
13461.0,82,2,884.2,0
13468.0,18,15,2172.24,2
13470.0,58,1,115.5,0
13474.0,179,1,229.59,3
13475.0,205,2,906.52,3
13476.0,122,1,510.87,0
13477.0,1,4,1032.99,2
13479.0,144,2,300.95,0
13481.0,52,4,1361.33,2
13482.0,175,1,184.64,3
13485.0,176,1,454.24,3
13486.0,22,1,302.8,2
13487.0,1,2,359.75,2
13488.0,16,7,3329.07,2
13489.0,49,3,398.16,2
13491.0,91,4,432.97,0
13492.0,79,1,593.74,0
13493.0,230,1,179.35,3
13495.0,175,2,561.48,3
13496.0,303,1,501.01,3
13499.0,17,3,613.85,2
13501.0,231,1,1340.32,3
13502.0,267,1,114.6,3
13503.0,15,1,216.85,2
13505.0,16,4,4393.63,2
13506.0,259,1,157.4,3
13507.0,50,2,1636.47,2
13509.0,93,3,537.82,0
13512.0,204,1,251.21,3
13514.0,17,1,152.20000000000002,2
13515.0,16,3,687.72,2
13516.0,16,2,620.41,2
13517.0,50,2,1612.18,2
13518.0,29,1,659.4399999999999,2
13519.0,21,1,122.75,2
13520.0,81,3,2031.9,0
13523.0,143,2,1802.29,0
13524.0,25,3,324.66,2
13527.0,49,4,1366.42,2
13529.0,22,2,307.76,2
13531.0,148,1,178.35,0
13533.0,211,2,146.64,3
13534.0,51,16,3288.75,2
13536.0,19,1,455.17,2
13538.0,91,2,262.2,0
13539.0,29,2,467.24,2
13544.0,184,1,122.91,3
13546.0,144,1,188.16,0
13549.0,86,3,462.0,0
13551.0,262,1,91.8,3
13552.0,30,9,2830.73,2
13555.0,17,4,4149.28,2
13562.0,25,2,1196.06,2
13563.0,27,2,777.53,2
13564.0,87,2,1209.02,0
13566.0,26,1,585.1800000000001,2
13568.0,116,1,192.85,0
13571.0,85,4,519.18,0
13572.0,149,1,1384.25,0
13573.0,196,1,31.770000000000003,3
13575.0,14,3,477.21,2
13576.0,14,7,2652.96,2
13577.0,92,1,465.35,0
13588.0,30,3,789.52,2
13589.0,123,1,147.0,0
13590.0,143,2,602.97,0
13591.0,147,2,776.23,0
13592.0,149,2,109.57,0
13593.0,52,4,1477.23,2
13599.0,28,3,891.34,2
13600.0,255,1,219.52,3
13610.0,53,3,541.01,2
13611.0,114,2,636.72,0
13614.0,107,2,794.98,0
13615.0,262,1,417.69,3
13617.0,57,1,234.59,0
13618.0,117,1,177.34,0
13621.0,60,1,213.85,0
13623.0,153,3,404.93,0
13627.0,23,4,1334.18,2
13629.0,80,5,3472.36,2
13630.0,19,4,1047.08,2
13631.0,86,10,3017.92,2
13632.0,117,2,553.02,0
13634.0,30,3,1108.87,2
13636.0,204,2,291.85,3
13637.0,170,1,422.6,3
13639.0,18,1,1033.34,2
13644.0,17,2,1398.61,2
13647.0,15,3,1275.9,2
13649.0,200,1,148.8,3
13650.0,150,2,745.52,0
13652.0,200,1,329.44,3
13654.0,89,2,916.03,0
13655.0,57,1,549.32,0
13656.0,108,1,216.95,0
13657.0,145,1,152.34,0
13658.0,29,3,2096.77,2
13659.0,149,2,1573.2,0
13662.0,29,2,592.52,2
13663.0,122,1,189.47,0
13666.0,231,2,64.05,3
13667.0,92,1,305.02,0
13668.0,57,9,3169.42,2
13669.0,93,1,48.150000000000006,0
13670.0,18,1,349.7,2
13675.0,228,1,308.44,3
13684.0,229,1,67.23,3
13692.0,180,1,856.63,3
13694.0,15,27,34717.66,2
13695.0,25,6,779.66,2
13700.0,120,5,931.28,0
13703.0,262,1,99.5,3
13704.0,17,4,1200.84,2
13705.0,88,1,204.54,0
13707.0,210,2,806.41,3
13708.0,214,1,296.88,3
13709.0,45,4,2151.17,2
13716.0,212,1,138.28,3
13717.0,115,3,754.22,0
13718.0,239,1,114.05,3
13719.0,149,2,338.74,0
13720.0,60,4,799.9,2
13722.0,75,2,911.94,0
13725.0,112,5,697.0699999999999,0
13726.0,44,1,292.68,0
13728.0,51,4,638.44,2
13730.0,79,1,445.85,0
13735.0,119,2,1409.69,0
13736.0,204,1,357.53,3
13737.0,143,1,339.6,0
13740.0,184,1,350.75,3
13741.0,15,1,305.3,2
13742.0,106,6,1836.75,2
13743.0,51,3,424.92,2
13744.0,235,1,893.16,3
13745.0,105,1,300.04,0
13748.0,175,1,147.45,3
13750.0,83,3,991.19,0
13751.0,231,1,296.25,3
13752.0,151,1,298.99,0
13753.0,231,1,741.26,3
13754.0,260,1,156.0,3
13756.0,87,4,1395.84,0
13758.0,144,1,893.37,0
13759.0,14,1,560.4100000000001,2
13760.0,200,1,135.09,3
13761.0,123,1,491.71,0
13764.0,14,2,1021.87,2
13767.0,24,19,7897.860000000001,2
13769.0,151,4,1125.71,0
13771.0,143,1,593.25,0
13772.0,183,1,228.42,3
13774.0,25,1,345.0,2
13777.0,1,13,7276.29,2
13778.0,46,1,178.7,0
13780.0,114,1,116.28000000000002,0
13782.0,177,2,361.3,3
13784.0,1,4,1301.16,2
13787.0,19,1,202.64,2
13791.0,111,1,937.0,0
13792.0,230,1,74.60000000000001,3
13798.0,16,23,13223.8,2
13799.0,60,2,688.86,0
13802.0,82,2,3629.68,0
13803.0,199,1,277.07,3
13804.0,22,3,1773.54,2
13811.0,179,2,481.5,3
13812.0,49,1,278.74,0
13813.0,14,2,667.08,2
13814.0,80,1,617.54,0
13815.0,116,2,2977.75,0
13817.0,295,1,128.7,3
13819.0,263,1,408.3,3
13821.0,88,2,385.64,0
13824.0,79,2,327.66,0
13826.0,119,1,189.5,0
13827.0,1,3,412.05,2
13831.0,31,3,1076.29,2
13837.0,261,1,113.7,3
13838.0,61,2,241.48,0
13842.0,15,3,1248.53,2
13846.0,303,1,411.4,3
13848.0,241,1,615.0,3
13849.0,114,1,593.5799999999999,0
13851.0,231,1,246.32,3
13854.0,50,13,4102.61,2
13856.0,112,2,263.9,0
13859.0,269,1,201.16,3
13860.0,30,1,405.88,2
13862.0,16,4,1063.54,2
13865.0,80,2,224.12,0
13866.0,17,1,145.67000000000002,2
13867.0,18,1,453.99,2
13869.0,206,3,1584.96,3
13870.0,45,5,2179.4700000000003,2
13871.0,55,6,3220.64,2
13874.0,301,1,540.45,3
13875.0,77,2,699.95,0
13877.0,29,1,117.24,2
13880.0,31,7,1663.28,2
13881.0,15,6,3725.18,2
13883.0,196,1,980.41,3
13885.0,144,1,399.15,0
13886.0,15,1,243.56,2
13887.0,147,1,349.55,0
13890.0,51,2,501.11,0
13893.0,241,1,821.1,3
13895.0,86,2,937.3,0
13898.0,269,1,155.93,3
13900.0,136,2,732.45,0
13901.0,15,4,1306.11,2
13904.0,238,1,201.12,3
13908.0,23,1,907.94,2
13911.0,88,5,1570.16,2
13918.0,196,1,198.2,3
13922.0,295,1,172.25,3
13924.0,15,1,679.03,2
13925.0,78,1,380.12,0
13927.0,18,1,348.99,2
13928.0,50,2,225.45,0
13929.0,112,2,842.65,0
13930.0,1,2,337.34,2
13932.0,238,1,307.4,3
13933.0,52,2,608.7900000000001,0
13934.0,207,1,922.1,3
13936.0,123,1,376.58,0
13937.0,112,1,158.85,0
13939.0,52,1,205.71,0
13940.0,60,2,391.06,0
13941.0,115,2,1736.14,0
13946.0,23,3,561.5699999999999,2
13948.0,304,1,102.0,3
13949.0,21,1,371.36,2
13950.0,16,1,144.35,2
13951.0,119,3,674.45,0
13952.0,182,1,2042.761,3
13953.0,59,4,2104.36,2
13954.0,14,1,227.41,2
13956.0,81,2,506.32,0
13959.0,22,1,260.76,2
13960.0,15,1,128.1,2
13963.0,263,1,115.68,3
13967.0,89,1,80.7,0
13969.0,50,6,2357.44,2
13971.0,49,5,1654.2,2
13972.0,14,2,190.25,2
13973.0,230,1,264.7,3
13975.0,76,1,151.76,0
13976.0,150,1,357.98,0
13979.0,17,1,869.87,2
13982.0,106,2,801.54,0
13983.0,175,4,926.01,3
13984.0,269,1,129.95,3
13985.0,15,3,1802.9,2
13988.0,16,4,3185.31,2
13989.0,182,1,896.6700000000001,3
13991.0,18,2,340.29,2
13993.0,44,6,2247.41,2
13994.0,21,3,780.63,2
13995.0,59,2,561.45,0
13999.0,59,6,1919.27,2
14001.0,176,1,1007.9,3
14002.0,77,1,304.94,0
14004.0,22,4,2812.49,2
14005.0,19,3,790.52,2
14006.0,59,2,604.54,0
14009.0,141,2,695.61,0
14013.0,53,2,354.52,0
14014.0,21,1,505.18,2
14016.0,151,3,3364.63,0
14019.0,81,1,384.29,0
14021.0,199,1,198.9,3
14022.0,168,1,440.0,3
14029.0,87,1,165.20000000000002,0
14031.0,17,9,7008.6,2
14032.0,30,4,1230.73,2
14035.0,51,3,837.26,2
14036.0,228,1,626.65,3
14037.0,119,1,35.400000000000006,0
14038.0,22,3,1560.38,2
14040.0,61,6,1325.3,2
14041.0,210,1,141.41,3
14044.0,46,2,368.37,0
14045.0,52,1,408.0,0
14046.0,227,1,154.99,3
14047.0,16,2,661.24,2
14049.0,144,2,3058.46,0
14050.0,49,1,485.98,0
14051.0,56,11,6758.92,2
14055.0,49,1,725.6400000000001,0
14056.0,27,10,3098.07,2
14057.0,44,11,4418.65,2
14059.0,210,1,183.6,3
14060.0,23,11,3462.96,2
14062.0,15,9,7259.97,2
14064.0,56,2,630.87,0
14066.0,210,1,152.55,3
14068.0,263,1,265.85,3
14071.0,204,2,356.81,3
14075.0,204,1,307.92,3
14077.0,21,2,138.8,2
14078.0,45,3,557.91,2
14083.0,76,4,207.13,0
14085.0,84,9,2540.47,2
14088.0,79,4,16693.08,2
14090.0,268,1,76.32000000000001,3
14092.0,75,9,2437.8,2
14096.0,17,4,9063.86,2
14099.0,113,5,1466.67,0
14100.0,81,1,194.9,0
14101.0,17,6,5976.79,2
14104.0,109,1,111.26,0
14105.0,182,1,1266.23,3
14107.0,119,3,1173.79,0
14108.0,45,1,291.33,0
14109.0,16,1,144.2,2
14110.0,29,4,1984.12,2
14111.0,49,1,153.0,0
14112.0,147,2,535.4,0
14113.0,21,2,926.38,2
14114.0,274,1,195.13,3
14117.0,87,1,90.0,0
14124.0,28,1,419.58,2
14125.0,21,1,1295.43,2
14127.0,200,1,137.6,3
14128.0,199,1,305.54,3
14129.0,204,1,358.90000000000003,3
14130.0,262,1,483.86,3
14132.0,30,3,986.92,2
14133.0,259,1,318.0,3
14135.0,19,5,1383.06,2
14141.0,17,2,489.31,2
14143.0,77,1,115.8,0
14146.0,24,4,2965.84,2
14147.0,21,2,483.4,2
14148.0,177,1,157.2,3
14150.0,303,1,306.18,3
14152.0,19,2,621.29,2
14154.0,182,2,1345.62,3
14155.0,209,1,118.75,3
14156.0,14,23,70539.55,1
14157.0,229,1,277.17,3
14159.0,25,5,1916.24,2
14162.0,117,2,289.36,0
14163.0,30,3,1536.31,2
14164.0,14,2,1631.77,2
14167.0,108,2,253.75,0
14175.0,114,2,1205.99,0
14176.0,241,3,417.35,3
14177.0,29,2,368.08,2
14178.0,87,1,115.52,0
14180.0,1,13,2496.9,2
14188.0,15,2,627.6,2
14189.0,56,7,1909.46,2
14191.0,24,5,1661.92,2
14193.0,213,1,422.54,3
14194.0,19,13,6459.01,2
14195.0,145,1,183.6,0
14196.0,50,1,335.52,0
14198.0,30,3,528.8,2
14201.0,24,4,392.32,2
14205.0,207,1,222.9,3
14206.0,182,1,328.16,3
14209.0,84,2,859.1,0
14210.0,49,4,1237.23,2
14211.0,1,7,1474.83,2
14214.0,113,1,183.56,0
14215.0,21,3,1001.75,2
14217.0,1,5,693.41,2
14220.0,301,1,312.98,3
14221.0,24,5,1986.09,2
14222.0,120,1,683.17,0
14223.0,207,1,304.9,3
14224.0,54,3,799.1,2
14226.0,14,3,1895.17,2
14227.0,29,8,2727.57,2
14229.0,235,1,305.16,3
14231.0,175,2,617.95,3
14232.0,59,3,1262.54,2
14233.0,261,1,100.85,3
14235.0,18,3,1606.55,2
14236.0,24,1,301.56,2
14238.0,269,1,146.85,3
14239.0,14,5,1058.09,2
14240.0,169,1,226.85,3
14242.0,178,2,280.55,3
14243.0,83,5,1404.21,2
14245.0,207,1,1005.1,3
14246.0,54,2,1024.42,0
14248.0,261,1,302.58,3
14251.0,1,1,1259.46,2
14256.0,204,1,445.2,3
14257.0,262,1,620.14,3
14258.0,143,3,3689.2,0
14259.0,85,1,120.0,0
14261.0,22,1,943.75,2
14262.0,27,3,1073.8,2
14265.0,53,2,530.18,0
14267.0,106,3,1516.24,0
14271.0,169,1,112.32,3
14272.0,17,2,437.96,2
14273.0,79,1,231.35,0
14276.0,233,1,341.2,3
14280.0,140,1,134.04,0
14282.0,24,9,2225.74,2
14284.0,30,1,252.1,2
14285.0,19,2,1253.43,2
14287.0,142,2,83.28,0
14289.0,78,4,685.48,0
14290.0,24,2,1071.1,2
14291.0,1,6,1404.94,2
14292.0,89,3,2127.21,0
14293.0,90,1,231.39,0
14298.0,16,33,30127.37,2
14299.0,22,4,1792.35,2
14301.0,60,1,640.14,0
14305.0,14,3,1858.96,2
14306.0,29,1,1702.94,2
14307.0,78,2,1100.36,0
14309.0,112,4,906.12,0
14314.0,50,1,120.0,0
14315.0,77,2,897.8,0
14320.0,150,1,125.28,0
14321.0,17,3,903.77,2
14323.0,58,2,605.0600000000001,0
14327.0,106,1,311.65,0
14329.0,52,3,2907.01,2
14331.0,78,1,383.66,0
14332.0,91,1,119.04,0
14334.0,147,4,1311.7,0
14336.0,141,1,349.94,0
14338.0,140,1,579.97,0
14341.0,75,3,450.71,0
14342.0,80,2,419.74,0
14344.0,81,4,285.8,0
14346.0,240,1,262.44,3
14348.0,203,1,409.57,3
14351.0,108,1,51.0,0
14352.0,178,1,614.02,3
14356.0,23,2,701.23,2
14359.0,31,1,483.39,2
14364.0,52,5,1953.55,2
14367.0,19,5,3367.28,2
14368.0,263,1,155.0,3
14371.0,238,1,100.5,3
14373.0,301,1,76.55,3
14377.0,206,1,314.6,3
14379.0,238,1,110.98,3
14383.0,107,1,242.09,0
14386.0,240,1,142.4,3
14387.0,18,2,929.74,2
14388.0,146,1,458.94,0
14390.0,88,2,1059.91,0
14395.0,22,3,1372.48,2
14397.0,23,7,600.52,2
14400.0,92,1,574.7,0
14401.0,23,8,2333.34,2
14403.0,85,1,295.79999999999995,0
14404.0,52,4,1214.04,2
14407.0,50,5,1800.55,2
14408.0,114,3,839.1700000000001,0
14409.0,14,3,1539.85,2
14410.0,84,5,750.85,2
14412.0,16,1,462.45,2
14414.0,53,5,1137.08,2
14415.0,141,4,1895.02,0
14418.0,51,1,150.44,0
14419.0,17,1,233.65,2
14421.0,1,1,357.93,2
14422.0,14,3,2318.13,2
14426.0,84,5,2091.17,2
14428.0,22,3,534.12,2
14434.0,15,1,310.8,2
14439.0,263,1,2661.24,3
14440.0,16,2,902.03,2
14441.0,199,1,356.84000000000003,3
14442.0,148,2,1589.82,0
14443.0,82,1,383.12,0
14446.0,24,1,382.18,2
14447.0,139,1,336.03000000000003,0
14450.0,264,1,161.03,3
14451.0,138,1,360.0,0
14456.0,17,4,1020.31,2
14460.0,53,2,404.34,0
14461.0,91,3,2103.06,0
14462.0,27,4,557.2,2
14463.0,114,2,309.42,0
14466.0,17,2,439.9500000000001,2
14467.0,256,1,131.7,3
14470.0,231,1,297.64,3
14472.0,47,5,1285.68,2
14473.0,17,1,149.34000000000003,2
14475.0,15,1,303.68,2
14476.0,200,1,215.7,3
14477.0,240,1,165.0,3
14479.0,197,1,141.85,3
14481.0,108,2,636.51,0
14482.0,182,1,238.1,3
14487.0,26,2,292.14,2
14489.0,150,1,463.38,0
14491.0,118,1,213.73,0
14498.0,59,3,1134.77,2
14499.0,77,1,244.94,0
14500.0,55,1,51.0,0
14501.0,263,1,66.93,3
14502.0,93,7,1176.01,2
14503.0,13,2,1284.45,2
14504.0,203,1,134.56,3
14505.0,52,3,2240.47,2
14506.0,105,1,264.8,0
14507.0,44,1,309.38,0
14511.0,77,1,138.16,0
14512.0,175,1,126.32,3
14513.0,44,3,455.59,2
14514.0,144,1,147.86,0
14517.0,85,1,252.45,0
14520.0,234,1,165.0,3
14522.0,15,2,349.43,2
14523.0,52,1,241.09,0
14524.0,15,7,1545.73,2
14525.0,43,5,1474.51,2
14527.0,1,30,3657.47,2
14529.0,20,2,358.42,2
14530.0,206,2,1146.91,3
14532.0,180,4,932.85,3
14533.0,56,2,734.98,0
14534.0,78,6,1469.46,2
14536.0,203,1,171.8,3
14537.0,1,1,355.56,2
14538.0,199,1,106.5,3
14540.0,19,1,485.63,2
14541.0,112,5,1142.55,0
14543.0,17,8,1996.65,2
14544.0,305,1,1121.92,3
14546.0,21,2,1040.81,2
14548.0,261,1,326.4,3
14551.0,147,1,125.43,0
14557.0,28,1,788.38,2
14560.0,53,9,968.55,2
14561.0,19,2,858.6899999999999,2
14562.0,21,6,1946.63,2
14565.0,56,3,2560.32,2
14566.0,54,1,1432.0,0
14572.0,53,5,2089.44,2
14573.0,123,5,636.95,0
14577.0,107,2,299.74,0
14583.0,88,3,647.82,0
14584.0,112,3,688.25,0
14587.0,203,1,180.06,3
14593.0,142,2,339.59,0
14595.0,29,2,300.03000000000003,2
14606.0,16,45,5848.38,2
14607.0,204,1,495.0,3
14608.0,29,1,586.95,2
14609.0,16,4,601.56,2
14616.0,228,2,247.68000000000004,3
14620.0,149,1,177.43,0
14621.0,302,1,305.7,3
14623.0,59,2,403.53,0
14625.0,139,2,899.63,0
14626.0,177,1,586.9,3
14631.0,178,2,630.08,3
14632.0,206,1,114.56,3
14633.0,209,1,344.90000000000003,3
14636.0,212,1,300.19,3
14639.0,235,2,1235.13,3
14640.0,91,3,1004.82,0
14643.0,113,2,693.8100000000001,0
14644.0,241,1,187.50000000000003,3
14646.0,22,30,142368.85,1
14647.0,145,1,243.22,0
14649.0,15,1,319.08,2
14652.0,20,1,114.18,2
14655.0,14,1,400.61,2
14656.0,112,1,157.94,0
14657.0,269,1,416.08,3
14658.0,60,1,123.14,0
14659.0,22,5,1689.11,2
14660.0,30,2,285.74,2
14662.0,178,2,256.35,3
14665.0,240,2,337.26,3
14667.0,17,9,3306.38,2
14672.0,178,1,480.27,3
14676.0,22,4,1614.64,2
14680.0,15,8,14144.66,2
14681.0,14,2,105.0,2
14682.0,145,1,20.8,0
14684.0,25,1,129.33,2
14687.0,50,1,628.38,0
14688.0,14,9,1872.92,2
14689.0,152,1,112.8,0
14691.0,15,2,494.39,2
14692.0,80,4,591.55,0
14693.0,208,1,172.9,3
14696.0,14,2,613.5,2
14700.0,182,1,721.55,3
14701.0,116,5,1429.39,0
14702.0,21,5,854.34,2
14704.0,25,2,276.36,2
14705.0,142,1,179.0,0
14709.0,14,5,1997.15,2
14711.0,52,5,1400.51,2
14712.0,18,2,421.47,2
14713.0,211,3,485.71,3
14715.0,242,1,109.5,3
14716.0,92,1,188.56,0
14719.0,123,1,264.66,0
14722.0,90,1,187.92,0
14723.0,301,1,220.06,3
14730.0,51,4,627.04,2
14731.0,149,1,123.36,0
14732.0,87,1,335.1,0
14733.0,54,8,5142.37,2
14735.0,25,24,4137.4,2
14737.0,296,1,434.0,3
14738.0,77,3,454.13,0
14740.0,140,2,927.11,0
14741.0,57,3,680.46,2
14744.0,241,4,703.03,3
14745.0,56,4,879.19,2
14753.0,30,1,563.15,2
14754.0,239,1,228.27,3
14755.0,17,7,2683.52,2
14757.0,18,1,420.5,2
14758.0,88,4,1484.06,0
14759.0,56,2,870.85,0
14760.0,240,1,89.2,3
14762.0,207,1,300.52,3
14765.0,55,2,95.5,0
14766.0,24,3,1513.3,2
14769.0,25,7,10332.78,2
14770.0,175,2,876.42,3
14772.0,55,1,139.26,0
14775.0,81,1,294.9,0
14776.0,48,7,1647.66,2
14779.0,266,2,348.15,3
14780.0,22,1,332.8,2
14782.0,263,1,200.1,3
14784.0,267,1,114.68,3
14790.0,197,1,152.16,3
14794.0,147,3,500.44,0
14795.0,110,1,131.45000000000002,0
14796.0,51,8,3483.94,2
14798.0,87,1,21.72,0
14800.0,19,4,1182.69,2
14803.0,105,2,656.91,0
14805.0,257,1,109.25,3
14806.0,18,1,193.39,2
14808.0,18,5,1763.92,2
14810.0,47,7,1405.69,2
14816.0,141,1,271.85,0
14817.0,144,1,529.5500000000001,0
14818.0,17,3,657.8,2
14819.0,135,1,84.72,0
14820.0,19,2,242.19,2
14823.0,137,2,210.65,0
14824.0,16,1,313.6,2
14825.0,112,4,775.82,0
14828.0,140,2,1557.7600000000002,0
14829.0,304,1,148.36,3
14834.0,15,2,665.59,2
14837.0,49,3,1345.56,2
14840.0,211,1,62.85,3
14841.0,122,3,1585.67,0
14844.0,120,1,668.8,0
14847.0,92,1,309.4,0
14849.0,84,8,2870.82,2
14851.0,199,1,206.13,3
14852.0,84,3,1143.81,0
14854.0,21,5,2104.47,2
14855.0,78,1,306.35,0
14857.0,91,1,522.52,0
14859.0,24,2,927.12,2
14862.0,92,1,304.1,0
14866.0,24,4,6699.74,2
14868.0,15,2,777.03,2
14869.0,46,1,391.31,0
14870.0,205,1,327.25,3
14871.0,122,3,354.75,0
14873.0,153,1,519.68,0
14875.0,51,2,1465.3200000000002,0
14878.0,26,6,1082.68,2
14880.0,21,2,472.12,2
14883.0,16,3,261.43,2
14885.0,75,1,765.3199999999999,0
14887.0,22,1,1862.0,2
14888.0,150,1,369.2,0
14890.0,197,1,125.65,3
14891.0,91,1,105.0,0
14894.0,28,1,655.75,2
14895.0,53,7,4771.38,2
14896.0,148,1,211.55,0
14897.0,240,1,175.5,3
14898.0,77,3,744.4499999999999,0
14901.0,17,3,442.46,2
14903.0,144,1,686.47,0
14905.0,177,1,308.55,3
14907.0,91,3,1313.75,0
14908.0,18,1,277.8,2
14911.0,13,88,56205.45,1
14913.0,302,1,300.87,3
14916.0,14,3,1002.5,2
14918.0,59,1,844.73,0
14921.0,145,1,903.01,0
14930.0,52,2,1268.73,0
14931.0,18,3,847.65,2
14934.0,25,1,1062.1,2
14935.0,240,1,1784.71,3
14936.0,52,2,3496.52,2
14944.0,20,5,3188.31,2
14947.0,15,1,112.32,2
14948.0,14,3,473.51,2
14951.0,22,1,311.69,2
14952.0,15,6,4381.57,2
14957.0,196,1,58.49,3
14958.0,90,1,107.4,0
14959.0,53,2,293.6,0
14960.0,115,1,88.3,0
14961.0,24,5,3812.81,2
14962.0,214,1,126.7,3
14963.0,1,1,314.15,2
14970.0,80,2,675.0,0
14973.0,50,3,1314.45,2
14976.0,44,3,444.39,2
14978.0,16,5,1931.42,2
14985.0,141,2,296.75,0
14997.0,121,1,155.28,0
14998.0,113,1,246.23,0
15002.0,59,2,748.61,0
15004.0,90,1,1246.32,0
15005.0,1,14,3180.32,2
15014.0,119,1,117.73,0
15016.0,116,1,170.04,0
15019.0,210,1,266.0,3
15021.0,30,3,728.95,2
15023.0,59,4,2423.71,2
15024.0,56,2,284.8,0
15026.0,23,2,360.02,2
15027.0,111,2,654.25,0
15030.0,15,2,518.28,2
15031.0,53,1,110.96,0
15032.0,199,1,2188.5,3
15033.0,53,4,1416.56,2
15034.0,14,4,2468.65,2
15036.0,15,3,465.55,2
15039.0,24,23,10834.78,2
15041.0,113,1,180.35,0
15042.0,142,1,135.93,0
15044.0,19,9,3375.05,2
15045.0,201,1,388.9,3
15046.0,117,6,2059.32,0
15047.0,213,1,343.62,3
15048.0,60,1,68.08,0
15050.0,14,2,1323.18,2
15052.0,262,1,215.78,3
15057.0,259,1,1131.0,3
15058.0,25,4,675.62,2
15059.0,51,5,626.71,2
15061.0,16,17,15312.44,2
15062.0,14,3,634.8000000000001,2
15065.0,108,3,2858.75,0
15067.0,22,2,896.71,2
15068.0,199,1,239.96,3
15069.0,122,1,1109.53,0
15074.0,48,1,748.87,0
15075.0,21,1,773.03,2
15076.0,116,1,880.85,0
15078.0,17,17,5684.110000000001,2
15079.0,258,1,367.29,3
15081.0,30,2,225.1,2
15083.0,200,1,88.2,3
15089.0,52,1,455.67,0
15093.0,60,3,2182.97,2
15095.0,47,4,1370.6,2
15099.0,28,1,410.48,2
15101.0,303,1,102.28,3
15103.0,29,1,291.68,2
15104.0,140,1,652.8,0
15105.0,30,3,1176.54,2
15106.0,84,2,665.08,0
15107.0,273,2,76.0,3
15108.0,85,2,868.2,0
15110.0,262,1,169.65,3
15114.0,14,4,900.07,2
15116.0,1,3,1202.75,2
15118.0,77,1,244.8,0
15120.0,77,1,358.82,0
15121.0,232,1,295.15,3
15122.0,57,3,1633.78,2
15123.0,149,1,1069.47,0
15125.0,56,12,10795.48,2
15128.0,112,1,374.4,0
15129.0,50,8,2287.03,2
15130.0,113,1,330.11,0
15132.0,49,3,842.23,2
15133.0,201,1,324.70000000000005,3
15134.0,16,3,564.42,2
15135.0,182,1,139.05,3
15139.0,183,1,56.86,3
15140.0,23,6,2052.85,2
15143.0,169,1,259.45,3
15144.0,15,8,1924.24,2
15145.0,170,1,301.8,3
15146.0,108,2,1327.16,0
15147.0,183,1,623.5,3
15149.0,77,1,520.8000000000001,0
15150.0,17,4,2954.43,2
15152.0,28,4,1247.47,2
15154.0,18,1,296.42,2
15157.0,301,1,1085.46,3
15159.0,56,13,7399.98,2
15160.0,300,1,158.16,3
15163.0,135,1,155.0,0
15164.0,152,1,194.79,0
15167.0,264,1,163.0,3
15172.0,14,4,1247.95,2
15174.0,266,1,135.75,3
15175.0,15,1,224.14,2
15178.0,203,1,40.5,3
15179.0,177,2,1353.12,3
15181.0,118,2,435.0,0
15182.0,212,1,370.48,3
15185.0,13,1,310.62,2
15186.0,111,1,229.26,0
15187.0,14,4,1518.02,2
15189.0,50,19,8366.34,2
15194.0,21,7,3392.5,2
15197.0,301,1,556.5,3
15199.0,179,1,304.04999999999995,3
15201.0,30,2,604.07,2
15203.0,23,4,1305.78,2
15204.0,300,1,316.58,3
15205.0,28,1,176.94,2
15206.0,89,1,35.400000000000006,0
15208.0,106,2,323.52,0
15210.0,168,1,331.18,3
15213.0,262,2,328.35,3
15214.0,18,1,305.12,2
15216.0,31,1,96.6,0
15218.0,18,8,3998.16,2
15219.0,119,1,305.75,0
15220.0,58,4,967.94,2
15222.0,262,1,585.0,3
15223.0,169,1,454.9,3
15224.0,301,1,310.48,3
15225.0,177,1,409.4,3
15227.0,228,2,625.07,3
15228.0,112,2,1253.45,0
15230.0,182,2,429.6,3
15232.0,56,2,612.06,0
15235.0,182,5,1125.54,3
15236.0,242,1,321.05,3
15237.0,21,3,1328.72,2
15239.0,22,1,461.79,2
15240.0,27,1,337.17,2
15241.0,16,3,636.73,2
15243.0,17,1,316.68,2
15245.0,77,2,2029.6,0
15246.0,181,2,514.15,3
15249.0,51,6,3052.17,2
15251.0,50,4,3356.5,2
15253.0,113,1,173.85,0
15256.0,92,1,98.45,0
15258.0,112,1,307.5,0
15260.0,43,4,1002.39,2
15261.0,78,1,254.82,0
15262.0,267,1,178.95000000000002,3
15263.0,50,1,156.51,0
15265.0,179,1,712.24,3
15270.0,61,2,836.79,0
15271.0,59,4,551.63,2
15272.0,1,2,721.94,2
15279.0,298,1,290.51,3
15280.0,115,1,113.12,0
15281.0,80,6,1306.96,2
15287.0,14,1,340.98,2
15288.0,144,2,1458.35,0
15289.0,81,1,322.53000000000003,0
15290.0,22,10,3230.05,2
15291.0,116,4,1192.76,0
15292.0,144,1,180.94,0
15296.0,52,3,1721.23,2
15298.0,85,3,1525.1,0
15299.0,107,2,1200.0,0
15301.0,16,8,3121.31,2
15303.0,233,1,574.02,3
15304.0,29,4,302.90000000000003,2
15306.0,91,1,344.62,0
15311.0,17,39,24779.84,2
15312.0,19,3,606.69,2
15313.0,53,1,52.0,0
15314.0,142,1,327.97,0
15315.0,59,1,233.54,0
15316.0,270,1,165.0,3
15321.0,14,3,2748.31,2
15322.0,29,1,679.68,2
15325.0,47,1,162.29,0
15329.0,77,2,754.0,0
15333.0,152,1,1028.56,0
15334.0,106,2,224.14,0
15339.0,262,1,257.9,3
15341.0,24,1,2020.52,2
15343.0,30,1,364.5,2
15344.0,17,1,308.69,2
15348.0,16,1,158.04,2
15351.0,22,1,601.57,2
15353.0,198,1,465.37,3
15356.0,15,5,1514.01,2
15358.0,18,10,2940.08,2
15361.0,305,1,418.92,3
15364.0,198,1,331.80000000000007,3
15365.0,25,3,1192.48,2
15366.0,18,2,602.51,2
15370.0,15,4,1855.05,2
15372.0,80,1,2007.4,0
15373.0,59,8,1352.6,2
15376.0,60,1,334.85,0
15379.0,113,4,2361.92,0
15380.0,29,2,774.46,2
15381.0,211,1,282.29999999999995,3
15382.0,28,3,4170.8,2
15384.0,113,2,642.41,0
15388.0,213,1,140.54,3
15389.0,115,1,500.0,0
15392.0,303,1,338.98,3
15394.0,21,3,1854.14,2
15395.0,269,1,107.45,3
15396.0,56,1,288.18,0
15397.0,233,1,94.0,3
15398.0,21,1,634.85,2
15399.0,22,1,305.17,2
15400.0,57,1,67.2,0
15402.0,92,2,626.77,0
15408.0,207,1,267.18,3
15410.0,27,6,2723.36,2
15411.0,13,1,609.05,2
15412.0,114,1,190.53,0
15415.0,256,1,572.8100000000001,3
15416.0,183,1,899.19,3
15417.0,28,1,508.8,2
15422.0,266,2,97.7,3
15424.0,198,2,383.34,3
15426.0,200,1,251.56,3
15429.0,19,1,243.06,2
15433.0,210,1,372.64,3
15434.0,50,3,587.28,2
15436.0,177,1,489.05,3
15437.0,206,1,200.16,3
15438.0,74,1,156.57999999999998,0
15440.0,79,2,237.66,0
15443.0,17,3,1054.34,2
15445.0,207,1,113.5,3
15447.0,274,1,155.17,3
15448.0,256,1,494.64,3
15449.0,205,1,345.92,3
15452.0,14,2,413.33,2
15453.0,75,2,287.92,0
15456.0,302,1,243.22,3
15457.0,205,1,237.07,3
15460.0,297,1,216.76,3
15462.0,87,1,64.8,0
15465.0,26,10,4399.52,2
15466.0,28,1,334.53,2
15467.0,88,1,114.14,0
15472.0,56,1,371.56,0
15475.0,20,1,454.11,2
15480.0,59,1,905.5,0
15482.0,109,3,1389.7,0
15483.0,210,1,114.85,3
15484.0,22,1,1636.52,2
15489.0,1,1,442.64,2
15491.0,44,4,2178.46,2
15492.0,17,1,487.74,2
15493.0,93,2,906.26,0
15497.0,263,1,970.6,3
15498.0,28,10,5017.61,2
15500.0,24,1,406.02,2
15504.0,24,1,52.83,2
15505.0,28,2,1284.2,2
15506.0,82,1,209.35,0
15507.0,115,1,492.36,0
15508.0,169,2,518.47,3
15510.0,274,1,250.0,3
15511.0,1,2,395.25,2
15512.0,303,1,101.2,3
15513.0,49,8,4587.7300000000005,2
15514.0,169,2,691.72,3
15517.0,176,1,267.03,3
15518.0,77,2,243.84,0
15521.0,91,2,924.89,0
15522.0,31,1,259.9,0
15523.0,27,1,412.0100000000001,2
15527.0,88,3,763.8000000000001,0
15528.0,197,1,229.33,3
15529.0,31,5,2312.89,2
15530.0,93,2,615.6,0
15532.0,75,3,1225.79,0
15533.0,26,1,105.08,2
15535.0,116,4,536.4,0
15537.0,107,1,110.92,0
15541.0,57,1,85.13000000000001,0
15543.0,231,1,127.86,3
15544.0,117,2,683.12,0
15547.0,25,8,2223.31,2
15549.0,20,2,1003.68,2
15550.0,49,2,295.38,0
15555.0,21,7,1797.39,2
15561.0,93,2,183.92,0
15562.0,295,1,134.55,3
15563.0,144,2,735.62,0
15565.0,14,1,88.8,2
15568.0,16,1,228.31,2
15569.0,47,4,1087.21,2
15570.0,85,6,1841.94,2
15571.0,22,1,202.35,2
15572.0,53,1,679.25,0
15573.0,29,1,410.7,2
15574.0,121,3,326.6,0
15578.0,106,1,127.1,0
15579.0,257,1,199.6,3
15581.0,115,7,289.96,2
15582.0,43,1,237.9,0
15584.0,16,2,292.68,2
15585.0,120,1,455.3,0
15587.0,86,2,456.84,0
15589.0,199,2,293.58,3
15593.0,14,1,199.8,2
15594.0,25,2,986.12,2
15596.0,44,2,392.05,2
15599.0,148,1,448.83,0
15601.0,113,7,3399.7200000000003,2
15602.0,14,4,792.64,2
15603.0,22,1,48.48,2
15605.0,233,1,182.75,3
15606.0,114,5,1535.48,0
15611.0,14,7,791.24,2
15615.0,49,12,4672.2300000000005,2
15618.0,80,1,222.831,0
15620.0,301,1,424.49,3
15622.0,30,7,2751.61,2
15623.0,84,1,301.03,0
15624.0,60,4,588.13,2
15625.0,47,3,1233.12,2
15626.0,18,2,675.8,2
15628.0,198,1,371.83,3
15630.0,148,1,396.86,0
15632.0,86,3,1233.44,0
15639.0,77,1,425.32,0
15640.0,21,7,6009.17,2
15641.0,48,3,1433.41,2
15644.0,109,4,813.0,0
15648.0,147,2,657.35,0
15651.0,204,1,227.32,3
15653.0,59,1,48.0,0
15656.0,121,2,499.72,0
15658.0,141,2,440.2,0
15660.0,28,5,892.2,2
15661.0,260,1,193.8,3
15663.0,49,1,138.14,0
15665.0,111,1,765.79,0
15669.0,47,3,565.54,2
15670.0,240,1,173.05,3
15671.0,211,2,657.17,3
15673.0,270,1,969.95,3
15674.0,16,2,1422.06,2
15675.0,24,1,98.3,2
15683.0,61,1,193.75,0
15687.0,212,3,1023.35,3
15689.0,305,1,103.5,3
15690.0,44,1,111.0,0
15694.0,119,5,1783.33,0
15695.0,210,2,409.98,3
15696.0,23,5,1474.36,2
15700.0,115,2,696.68,0
15701.0,17,2,968.07,2
15703.0,208,1,211.5,3
15704.0,84,2,786.3000000000001,0
15705.0,144,1,143.1,0
15706.0,19,2,878.76,2
15707.0,29,1,166.78,2
15708.0,82,3,1474.13,0
15712.0,15,3,707.0600000000001,2
15713.0,87,1,185.55,0
15714.0,21,1,132.48000000000002,2
15716.0,89,3,571.71,0
15717.0,178,1,150.3,3
15719.0,122,3,1160.67,0
15722.0,52,2,978.2,0
15724.0,144,2,218.25,0
15727.0,50,4,3270.09,2
15730.0,150,1,467.43,0
15734.0,58,2,1339.45,0
15737.0,23,2,351.78000000000003,2
15738.0,53,9,2610.54,2
15743.0,57,1,111.5,0
15744.0,21,1,34.8,2
15745.0,17,2,607.75,2
15746.0,77,1,196.88,0
15747.0,116,1,242.65,0
15749.0,179,1,21535.9,3
15750.0,16,2,1005.33,2
15752.0,59,2,578.45,0
15754.0,17,1,211.62,2
15755.0,17,4,1745.82,2
15759.0,240,2,185.04,3
15762.0,20,1,315.31,2
15763.0,21,1,522.49,2
15764.0,50,2,1582.1,2
15768.0,59,3,621.8299999999999,2
15769.0,31,14,31944.04,2
15776.0,76,1,241.62,0
15777.0,261,3,753.15,3
15780.0,301,1,177.15,3
15781.0,81,1,127.95000000000002,0
15785.0,140,2,1330.4,0
15786.0,58,1,3160.84,0
15789.0,301,1,351.3,3
15791.0,147,1,1223.24,0
15793.0,212,1,306.64,3
15795.0,93,1,610.01,0
15796.0,15,3,1017.19,2
15797.0,56,2,382.2,0
15799.0,19,1,402.9,2
15800.0,50,1,454.58,0
15801.0,53,1,137.22,0
15802.0,86,1,451.42,0
15804.0,21,7,2472.37,2
15805.0,49,8,2996.56,2
15807.0,20,1,635.6,2
15808.0,304,1,1228.4,3
15809.0,147,2,184.51,0
15810.0,22,4,1391.98,2
15811.0,49,4,1483.95,2
15812.0,50,3,978.66,2
15813.0,151,2,1303.91,0
15815.0,84,2,907.62,0
15819.0,74,2,945.83,0
15820.0,263,1,206.98,3
15822.0,303,1,440.2,3
15825.0,116,1,532.94,0
15826.0,154,1,720.0,0
15827.0,16,6,961.13,2
15829.0,84,1,325.44,0
15831.0,267,1,309.94,3
15832.0,197,1,836.79,3
15834.0,13,2,952.38,2
15835.0,81,3,675.51,0
15838.0,21,5,5025.8,2
15839.0,24,2,790.36,2
15840.0,116,1,241.74,0
15841.0,16,2,610.8000000000001,2
15845.0,30,5,2766.64,2
15847.0,231,1,180.68,3
15850.0,111,1,118.88,0
15852.0,141,1,103.21,0
15854.0,30,9,2536.94,2
15855.0,80,4,580.06,0
15856.0,43,10,5576.59,2
15858.0,21,2,586.19,2
15860.0,19,3,253.04,2
15861.0,78,3,1130.0,0
15862.0,55,2,305.5,0
15863.0,136,1,9.2,0
15864.0,120,2,414.26,0
15866.0,44,1,230.53,0
15867.0,13,9,2437.67,2
15874.0,121,4,925.7,0
15881.0,255,4,386.94,3
15882.0,142,2,145.04000000000002,0
15888.0,24,1,168.31,2
15891.0,170,1,524.52,3
15894.0,196,1,106.81,3
15895.0,93,1,179.17,0
15897.0,137,2,222.05,0
15898.0,170,2,481.3,3
15901.0,21,1,122.86,2
15903.0,14,4,2520.36,2
15906.0,88,3,525.88,0
15907.0,120,2,529.52,0
15909.0,117,1,191.94,0
15910.0,150,3,431.72,0
15912.0,121,2,264.62,0
15916.0,20,2,461.51,2
15918.0,214,1,142.0,3
15921.0,116,1,336.03000000000003,0
15925.0,137,1,207.15,0
15932.0,51,4,1269.77,2
15933.0,14,2,728.27,2
15935.0,183,1,108.04,3
15938.0,56,4,299.58,2
15939.0,50,9,2551.88,2
15942.0,77,1,337.44,0
15947.0,26,1,1708.24,2
15949.0,14,1,237.04,2
15950.0,22,3,1347.22,2
15951.0,229,1,375.17,3
15952.0,169,1,232.65,3
15955.0,14,5,1366.33,2
15958.0,18,1,104.35,2
15967.0,262,1,173.8,3
15971.0,52,3,905.9,2
15974.0,77,2,1261.52,0
15975.0,28,1,371.01,2
15976.0,109,1,220.95,0
15978.0,20,1,1098.78,2
15980.0,197,1,760.18,3
15981.0,21,5,2059.08,2
15983.0,304,1,324.72,3
15984.0,14,5,1627.02,2
15985.0,180,1,899.58,3
15987.0,92,3,680.53,0
15990.0,230,1,401.37,3
15996.0,60,4,644.61,2
15998.0,30,3,1647.37,2
16003.0,78,3,1793.9,0
16005.0,214,1,177.59,3
16008.0,18,2,330.71,2
16011.0,15,6,914.1,2
16013.0,14,14,9099.96,2
16014.0,234,1,262.93,3
16016.0,23,4,544.22,2
16019.0,79,5,2228.9,2
16022.0,204,1,628.28,3
16023.0,135,2,500.69,0
16027.0,81,3,338.75,0
16029.0,24,29,31741.57,2
16033.0,25,11,4470.41,2
16034.0,139,2,284.1,0
16036.0,30,2,758.92,2
16037.0,213,2,552.02,3
16038.0,120,2,393.33,0
16040.0,91,2,876.1800000000001,0
16041.0,84,2,2739.8,0
16042.0,1,3,867.85,2
16043.0,261,1,307.85,3
16045.0,105,2,933.85,0
16049.0,18,1,488.26,2
16050.0,117,1,137.9,0
16054.0,89,1,783.9,0
16057.0,228,1,683.98,3
16059.0,15,4,1236.31,2
16062.0,77,1,199.96,0
16063.0,203,1,335.32,3
16072.0,231,1,584.3199999999999,3
16073.0,240,1,122.4,3
16076.0,23,3,728.75,2
16080.0,25,1,86.9,2
16081.0,30,2,2010.08,2
16083.0,44,2,1317.62,2
16084.0,242,1,436.18,3
16085.0,22,3,619.65,2
16086.0,143,2,409.8,0
16091.0,142,1,157.25,0
16092.0,58,3,817.86,2
16093.0,50,1,17.0,0
16096.0,208,1,320.62,3
16097.0,183,1,185.05,3
16098.0,31,3,872.84,2
16099.0,81,2,592.1,0
16101.0,14,1,1290.7,2
16103.0,23,3,791.2,2
16107.0,46,2,961.22,2
16108.0,28,1,842.5,2
16110.0,205,1,284.23,3
16112.0,86,1,36.56,0
16114.0,114,1,135.75000000000003,0
16115.0,15,4,978.32,2
16119.0,16,1,309.48,2
16121.0,1,1,579.22,2
16122.0,16,2,434.58,2
16124.0,260,1,249.0,3
16126.0,45,2,2754.05,2
16128.0,20,2,1023.76,2
16131.0,59,4,2278.5,2
16133.0,14,16,8142.86,2
16134.0,302,1,283.53000000000003,3
16135.0,206,1,517.55,3
16136.0,21,1,143.34,2
16139.0,55,2,306.37,0
16143.0,51,2,830.79,0
16145.0,17,5,1623.28,2
16146.0,147,2,659.13,0
16147.0,77,1,375.0,0
16148.0,239,1,76.32000000000001,3
16149.0,85,1,163.68,0
16150.0,213,1,571.06,3
16152.0,212,1,1829.04,3
16153.0,59,2,538.45,0
16156.0,28,3,1437.01,2
16157.0,16,1,168.32,2
16160.0,29,1,801.94,2
16161.0,21,10,3033.82,2
16163.0,175,1,415.00000000000006,3
16168.0,18,10,1312.16,2
16169.0,19,1,587.46,2
16170.0,56,3,925.35,2
16172.0,119,1,351.97,0
16173.0,21,1,109.2,2
16174.0,78,1,383.2,0
16175.0,112,3,736.89,0
16178.0,81,1,197.9,0
16180.0,43,6,7523.3,2
16181.0,17,1,305.54,2
16182.0,16,3,4290.65,2
16184.0,49,3,537.91,2
16185.0,176,1,335.0,3
16186.0,47,3,959.82,2
16187.0,19,10,5064.99,2
16188.0,84,2,603.38,0
16189.0,28,1,144.48,2
16191.0,206,5,1253.5,3
16193.0,180,1,314.45,3
16198.0,18,1,400.681,2
16200.0,107,1,550.57,0
16201.0,53,1,303.8,0
16202.0,304,1,365.27,3
16203.0,91,2,207.6,0
16205.0,123,1,112.35,0
16206.0,152,2,288.75,0
16208.0,233,1,497.59,3
16209.0,123,1,1336.2,0
16210.0,29,5,2941.03,2
16213.0,22,1,159.0,2
16214.0,114,2,856.0500000000001,0
16215.0,24,1,242.35,2
16216.0,210,1,914.93,3
16217.0,179,1,121.25,3
16218.0,58,5,2164.18,2
16222.0,262,1,846.72,3
16224.0,84,2,698.41,0
16225.0,93,2,537.03,0
16226.0,146,3,255.12,0
16227.0,169,1,314.22,3
16229.0,30,1,652.4,2
16232.0,87,1,358.57,0
16233.0,14,2,389.28,2
16235.0,24,2,245.79,2
16236.0,21,1,432.2,2
16240.0,20,1,1824.79,2
16241.0,58,3,553.07,2
16242.0,108,1,453.69,0
16245.0,200,1,453.98,3
16247.0,113,1,114.56,0
16249.0,56,4,1440.77,2
16250.0,204,1,163.3,3
16253.0,199,1,1700.4,3
16255.0,75,2,736.08,0
16256.0,210,1,752.4300000000001,3
16257.0,120,1,46.95,0
16258.0,80,2,1953.8,0
16261.0,19,2,307.47,2
16265.0,54,3,1667.66,2
16266.0,17,7,861.89,2
16268.0,14,2,667.65,2
16270.0,296,1,1141.24,3
16271.0,86,2,593.61,0
16272.0,60,1,411.7,0
16275.0,140,1,559.87,0
16276.0,120,1,810.6000000000001,0
16278.0,43,1,566.38,0
16279.0,30,2,730.98,2
16281.0,15,1,2062.06,2
16283.0,152,1,277.81,0
16287.0,113,1,142.5,0
16293.0,151,3,750.99,0
16297.0,212,1,301.9,3
16303.0,59,1,3209.15,0
16305.0,82,1,361.22,0
16306.0,237,2,15.919999999999998,3
16308.0,51,2,960.0,0
16309.0,49,2,706.57,0
16315.0,274,1,226.37,3
16316.0,105,3,1352.14,0
16317.0,240,1,570.76,3
16320.0,115,1,185.78,0
16321.0,15,3,237.75,2
16323.0,139,1,207.50000000000003,0
16324.0,120,1,166.56,0
16326.0,19,5,894.32,2
16327.0,24,4,2636.79,2
16330.0,55,2,48.96,0
16332.0,15,1,469.02,2
16333.0,136,8,5989.4400000000005,2
16339.0,228,1,109.95,3
16340.0,50,1,549.07,0
16341.0,29,2,1531.89,2
16342.0,18,4,322.41,2
16348.0,21,3,731.1,2
16349.0,234,1,53.5,3
16350.0,28,1,189.7,2
16353.0,31,8,2008.75,2
16354.0,16,1,366.1,2
16356.0,141,2,109.77,0
16357.0,105,1,120.05,0
16358.0,22,1,672.4000000000001,2
16359.0,119,1,230.57,0
16360.0,24,1,263.92,2
16361.0,15,1,334.94,2
16364.0,80,1,347.55,0
16365.0,84,3,524.55,0
16369.0,24,2,851.69,2
16370.0,25,3,1049.52,2
16374.0,205,1,156.3,3
16377.0,210,1,676.2,3
16378.0,240,1,142.85,3
16379.0,22,1,478.88,2
16383.0,18,2,668.36,2
16384.0,207,1,409.1,3
16386.0,197,1,61.10000000000001,3
16387.0,266,1,94.36,3
16389.0,21,2,959.06,2
16392.0,213,1,221.19,3
16393.0,86,3,495.64,0
16394.0,15,3,934.97,2
16395.0,22,4,1272.21,2
16398.0,197,1,1169.95,3
16399.0,178,1,178.41,3
16401.0,30,7,2296.57,2
16402.0,208,1,87.8,3
16403.0,256,1,177.5,3
16404.0,13,1,443.05,2
16407.0,18,8,1734.76,2
16409.0,30,2,652.32,2
16418.0,169,1,145.91,3
16419.0,56,3,343.21000000000004,2
16422.0,17,26,17543.47,2
16427.0,206,2,241.06,3
16429.0,49,1,284.55,0
16431.0,240,2,343.93,3
16434.0,135,3,724.22,0
16438.0,26,1,204.4,2
16441.0,234,1,211.0,3
16442.0,171,2,437.03,3
16444.0,138,2,240.08,0
16446.0,149,1,2.9,0
16447.0,79,1,259.01,0
16448.0,141,1,188.89,0
16449.0,141,1,291.0,0
16450.0,93,1,311.92,0
16451.0,31,1,266.97,0
16455.0,148,3,752.48,0
16456.0,47,2,464.09,0
16458.0,15,8,1471.96,2
16460.0,16,2,512.1,2
16461.0,121,1,151.42,0
16462.0,17,1,68.0,2
16463.0,147,1,319.37,0
16464.0,24,2,998.25,2
16466.0,47,4,803.41,2
16468.0,17,1,74.9,2
16469.0,30,1,185.84,0
16470.0,59,3,539.13,2
16473.0,108,2,166.7,0
16474.0,88,1,355.57,0
16475.0,87,2,149.3,0
16477.0,75,3,1182.81,0
16480.0,19,1,769.29,2
16483.0,136,1,139.35,0
16484.0,117,1,118.6,0
16485.0,20,1,363.65,2
16488.0,58,2,354.57,0
16493.0,23,4,1351.63,2
16494.0,240,1,826.53,3
16496.0,151,2,1185.04,0
16497.0,146,4,1271.4,0
16498.0,105,1,91.22,0
16499.0,304,1,147.35,3
16500.0,274,1,165.0,3
16503.0,50,3,1180.33,2
16509.0,240,1,363.7,3
16511.0,88,2,582.7,0
16518.0,227,1,190.7,3
16520.0,182,1,297.16,3
16523.0,1,12,5176.08,2
16525.0,23,10,4890.54,2
16526.0,115,1,290.36,0
16527.0,24,1,228.06,2
16531.0,17,4,689.73,2
16532.0,79,1,2606.4,0
16536.0,53,1,548.97,0
16539.0,301,1,304.9,3
16545.0,108,1,339.3,0
16546.0,234,1,487.75,3
16550.0,52,3,1356.89,2
16553.0,106,9,4537.32,2
16555.0,53,1,151.98,0
16556.0,49,5,2238.3,2
16557.0,81,1,101.15,0
16558.0,22,9,3145.36,2
16560.0,301,1,332.18,3
16566.0,113,3,463.88,0
16567.0,137,1,308.04,0
16570.0,106,4,1384.49,0
16571.0,120,1,460.11,0
16573.0,28,2,663.61,2
16574.0,15,1,451.44,2
16582.0,56,1,313.62,0
16584.0,23,2,936.08,2
16587.0,175,1,225.15,3
16589.0,14,2,341.56,2
16592.0,80,6,1498.71,2
16593.0,271,1,69.6,3
16594.0,18,1,181.09,2
16598.0,229,1,145.04999999999998,3
16600.0,17,2,227.34,2
16603.0,18,1,185.85,2
16607.0,17,8,2221.21,2
16609.0,31,3,2590.35,2
16613.0,13,1,618.59,2
16617.0,179,1,151.85,3
16618.0,154,4,1441.29,0
16619.0,207,1,226.21,3
16620.0,204,1,95.76,3
16621.0,91,1,118.71,0
16624.0,24,2,810.5699999999999,2
16626.0,17,7,1868.61,2
16627.0,22,1,322.8,2
16628.0,50,3,1267.58,2
16629.0,17,1,180.95,2
16633.0,21,3,1253.2,2
16637.0,169,1,303.62,3
16638.0,50,6,1163.76,2
16639.0,150,2,471.15,0
16641.0,49,1,231.1,0
16642.0,151,1,307.73,0
16644.0,121,1,111.37,0
16647.0,113,2,214.06,0
16650.0,15,1,518.42,2
16652.0,53,3,1496.75,2
16653.0,15,1,1117.86,2
16654.0,84,2,338.47,0
16655.0,18,2,1680.5,2
16656.0,23,6,3986.5,2
16657.0,92,2,446.11,0
16660.0,154,2,384.36,0
16667.0,228,1,203.35,3
16668.0,60,3,120.54,0
16669.0,21,2,729.49,2
16670.0,1,6,1749.96,2
16671.0,108,1,1382.88,0
16672.0,16,11,4269.94,2
16676.0,176,1,329.24,3
16678.0,89,3,685.59,0
16681.0,16,6,1770.34,2
16684.0,76,17,27334.38,2
16686.0,47,4,1724.75,2
16689.0,19,2,422.6,2
16690.0,15,2,225.58,2
16692.0,199,2,1276.0,3
16693.0,215,1,157.56,3
16696.0,78,2,217.8,0
16698.0,170,2,1998.0,3
16700.0,24,7,2955.14,2
16701.0,117,5,1902.55,0
16705.0,18,8,4677.84,2
16706.0,57,1,291.53,0
16709.0,28,3,1759.44,2
16710.0,17,5,1270.75,2
16711.0,83,2,525.27,0
16712.0,52,3,995.65,2
16713.0,16,8,3079.92,2
16714.0,260,2,1146.53,3
16715.0,21,1,301.72,2
16716.0,210,1,166.8,3
16717.0,106,2,828.91,0
16719.0,18,4,914.57,2
16721.0,205,1,292.47,3
16722.0,50,5,1833.32,2
16723.0,51,1,424.15,0
16725.0,259,3,321.45,3
16726.0,140,4,795.19,0
16728.0,110,3,550.0,0
16729.0,14,11,3691.93,2
16730.0,178,2,480.94,3
16734.0,57,2,306.16,0
16735.0,22,2,743.82,2
16738.0,241,1,3.75,3
16739.0,120,1,323.0,0
16743.0,56,2,797.02,0
16744.0,19,3,466.71,2
16745.0,30,7,3183.42,2
16746.0,18,11,3915.91,2
16750.0,16,3,410.81,2
16755.0,58,3,1496.83,2
16757.0,262,1,106.83,3
16762.0,88,1,314.15000000000003,0
16763.0,142,1,611.85,0
16764.0,16,4,652.8100000000001,2
16765.0,237,1,34.0,3
16767.0,57,4,3416.98,2
16768.0,47,2,286.49,0
16769.0,204,1,380.39,3
16770.0,1,4,639.3000000000001,2
16771.0,18,1,446.56,2
16774.0,60,3,542.2,2
16775.0,15,6,904.85,2
16777.0,24,2,226.35,2
16778.0,17,1,152.76,2
16779.0,14,7,3592.21,2
16780.0,43,2,425.19,2
16782.0,21,7,1182.4,2
16788.0,198,1,297.17,3
16791.0,206,1,151.9,3
16794.0,51,3,353.76,2
16801.0,106,3,867.83,0
16804.0,213,1,118.05,3
16805.0,117,2,460.59,0
16806.0,46,3,628.41,2
16807.0,86,2,840.99,0
16809.0,79,3,470.69,0
16810.0,135,1,309.54,0
16812.0,304,1,479.35,3
16813.0,21,6,1063.88,2
16814.0,31,11,3952.64,2
16816.0,46,4,417.06,2
16817.0,203,2,129.9,3
16818.0,15,6,2056.25,2
16823.0,170,1,358.38,3
16824.0,108,1,222.9,0
16828.0,56,1,113.5,0
16832.0,146,1,77.75,0
16833.0,203,2,361.81,3
16834.0,171,1,413.46,3
16836.0,60,1,91.32,0
16837.0,141,5,951.3,0
16838.0,141,2,588.85,0
16839.0,17,15,6866.83,2
16841.0,81,3,935.26,0
16842.0,44,1,397.24,0
16843.0,77,10,6977.04,2
16852.0,119,1,113.06,0
16859.0,88,2,747.81,0
16866.0,84,1,53.79,0
16869.0,109,2,387.68,0
16871.0,154,4,2037.82,0
16872.0,20,2,291.66,2
16873.0,141,1,546.88,0
16875.0,88,3,769.4,0
16877.0,151,1,77.75,0
16878.0,27,1,13.3,2
16880.0,117,2,151.18,0
16882.0,182,2,215.7,3
16885.0,300,1,190.65,3
16889.0,138,1,350.06,0
16891.0,85,1,205.66,0
16897.0,242,2,289.78,3
16898.0,121,1,203.39,0
16899.0,93,3,510.18,0
16902.0,59,1,1706.88,0
16904.0,52,9,2183.46,2
16905.0,180,2,599.53,3
16906.0,25,2,283.83,2
16907.0,91,3,529.86,0
16909.0,15,1,379.14,2
16910.0,21,3,643.3,2
16912.0,77,7,1558.38,2
16913.0,234,1,113.44,3
16915.0,112,1,41.9,0
16918.0,260,1,275.78,3
16919.0,122,6,1586.37,0
16923.0,117,6,1377.6,0
16924.0,28,1,271.11,2
16927.0,59,2,419.7,0
16928.0,23,9,1756.96,2
16929.0,15,1,110.84,2
16931.0,19,11,2422.68,2
16933.0,183,1,224.73,3
16938.0,123,1,9.75,0
16940.0,113,2,1868.36,0
16942.0,80,3,646.59,0
16943.0,204,2,644.63,3
16945.0,28,9,2101.0,2
16947.0,179,1,406.48,3
16948.0,82,3,435.02,0
16949.0,198,2,202.21,3
16951.0,78,2,223.96,0
16952.0,53,2,167.61,0
16954.0,198,3,941.48,3
16957.0,182,1,301.8,3
16959.0,30,1,117.35,0
16961.0,59,1,234.17,0
16965.0,170,1,201.19,3
16966.0,113,4,1486.56,0
16968.0,51,1,253.31,0
16969.0,77,1,81.6,0
16976.0,210,1,251.52,3
16978.0,21,1,344.33,2
16979.0,91,2,555.65,0
16980.0,198,2,1078.96,3
16983.0,215,2,458.85,3
16985.0,212,4,2102.46,3
16987.0,113,3,629.45,0
16989.0,22,1,37.95,2
16992.0,143,2,671.15,0
16996.0,212,3,369.94000000000005,3
16997.0,231,2,624.0,3
16998.0,93,3,205.00000000000003,0
16999.0,17,1,245.83,2
17001.0,56,5,1824.39,2
17002.0,29,2,1013.27,2
17006.0,19,1,280.76,2
17007.0,145,3,324.78,0
17015.0,14,1,1045.48,2
17017.0,16,11,4712.7,2
17018.0,269,1,405.0,3
17019.0,205,2,637.11,3
17027.0,22,5,877.09,2
17029.0,54,2,716.0,0
17033.0,29,2,729.84,2
17034.0,23,2,364.88,2
17037.0,31,1,1267.32,2
17040.0,81,1,449.73,0
17041.0,52,2,750.89,0
17042.0,140,1,222.18,0
17043.0,121,2,324.97,0
17045.0,56,1,191.09,0
17047.0,29,3,1100.9,2
17048.0,61,1,164.95000000000002,0
17049.0,28,2,965.47,2
17050.0,235,2,672.34,3
17051.0,137,1,247.14,0
17054.0,81,3,893.25,0
17058.0,25,3,1179.89,2
17059.0,53,3,1527.74,2
17060.0,210,1,234.24,3
17061.0,17,10,4748.11,2
17062.0,257,2,243.94,3
17063.0,1,6,1094.97,2
17064.0,270,1,147.85,3
17068.0,28,12,2795.24,2
17069.0,21,4,882.77,2
17070.0,57,1,312.14,0
17071.0,77,4,841.6800000000001,2
17073.0,25,2,841.1899999999999,2
17075.0,196,3,696.07,3
17079.0,21,1,118.8,2
17080.0,213,1,76.32000000000001,3
17082.0,261,1,636.94,3
17083.0,52,2,714.42,0
17085.0,243,2,521.41,3
17088.0,16,2,1368.45,2
17090.0,171,3,649.05,3
17091.0,183,2,1100.27,3
17092.0,31,1,356.6,0
17094.0,266,1,302.0,3
17095.0,242,1,230.81,3
17096.0,86,2,443.94,0
17097.0,43,5,464.81,2
17101.0,121,1,230.58,0
17102.0,205,1,25.5,3
17107.0,18,2,4606.31,2
17109.0,175,2,464.59,3
17110.0,109,1,163.29999999999998,0
17114.0,82,4,331.15,0
17115.0,176,1,310.02,3
17117.0,231,1,116.2,3
17118.0,261,1,157.02,3
17120.0,176,1,307.46,3
17126.0,243,1,302.67,3
17131.0,19,1,789.77,2
17133.0,31,2,2342.32,2
17134.0,50,2,425.0,0
17135.0,233,1,284.97,3
17139.0,119,6,5594.87,2
17142.0,182,1,579.0,3
17144.0,28,1,595.89,2
17146.0,49,3,749.78,2
17147.0,24,2,939.8,2
17152.0,138,3,1689.5,0
17154.0,19,1,329.34,2
17155.0,121,1,143.3,0
17157.0,119,1,161.46,0
17158.0,176,2,698.55,3
17159.0,18,2,926.67,2
17160.0,53,3,1918.05,2
17162.0,74,1,298.38,0
17163.0,21,1,123.1,2
17164.0,23,1,745.84,2
17165.0,227,1,158.68,3
17166.0,147,1,127.59,0
17169.0,1,1,527.1,2
17171.0,232,1,224.91,3
17172.0,22,1,317.76,2
17173.0,60,2,961.26,0
17175.0,84,2,830.01,0
17176.0,145,1,306.13,0
17179.0,121,3,711.79,0
17180.0,259,1,247.54,3
17183.0,48,1,329.67,0
17187.0,170,1,203.95,3
17188.0,107,3,912.73,0
17189.0,49,2,384.4,0
17190.0,150,1,195.0,0
17193.0,30,3,747.6,2
17194.0,304,1,252.62,3
17204.0,118,3,1103.31,0
17211.0,176,3,656.4200000000001,3
17212.0,196,1,226.85,3
17213.0,84,4,1467.11,0
17214.0,29,3,571.05,2
17217.0,177,1,113.5,3
17218.0,14,2,378.15,2
17220.0,14,5,1473.01,2
17227.0,13,3,470.95,2
17228.0,31,2,576.92,2
17229.0,86,1,157.71,0
17230.0,207,7,2963.41,3
17231.0,206,4,962.5,3
17236.0,122,3,453.0,0
17238.0,27,7,1243.09,2
17239.0,256,1,382.5,3
17242.0,51,1,425.6,0
17243.0,22,9,2527.05,2
17245.0,148,1,171.45,0
17250.0,204,1,162.65,3
17252.0,60,1,11.9,0
17255.0,242,1,112.46,3
17256.0,51,2,240.0,0
17259.0,91,1,221.73,0
17262.0,170,3,686.5,3
17263.0,151,1,63.440000000000005,0
17265.0,82,1,178.81,0
17266.0,91,1,113.06,0
17268.0,51,1,452.16,0
17272.0,142,2,1409.44,0
17277.0,171,2,1065.35,3
17279.0,1,1,187.83,2
17282.0,117,2,1016.41,0
17284.0,110,3,505.06,0
17287.0,18,3,512.36,2
17288.0,150,4,536.4,0
17293.0,28,2,596.48,2
17298.0,44,1,390.78,0
17299.0,43,2,268.19,2
17302.0,152,1,120.27,0
17303.0,305,1,250.04,3
17306.0,14,12,5224.86,2
17311.0,21,2,1384.85,2
17312.0,82,1,244.8,0
17314.0,92,4,1144.52,0
17315.0,1,22,3600.14,2
17320.0,44,2,749.7,2
17323.0,110,2,277.06,0
17329.0,258,1,243.36,3
17333.0,29,1,494.25,2
17338.0,57,5,3819.24,2
17340.0,23,5,3162.71,2
17343.0,298,1,193.64,3
17345.0,140,2,128.33,0
17346.0,46,6,953.97,2
17347.0,30,1,228.96,2
17348.0,15,2,660.61,2
17349.0,122,1,110.75,0
17351.0,112,1,228.7,0
17358.0,298,1,246.7,3
17361.0,235,1,45.0,3
17362.0,182,1,162.23000000000002,3
17364.0,81,4,1568.73,0
17365.0,31,4,2754.82,2
17367.0,181,1,168.4,3
17368.0,117,4,1051.72,0
17370.0,16,3,328.82,2
17371.0,304,1,97.63,3
17372.0,109,3,547.54,0
17373.0,14,3,433.52,2
17375.0,142,3,400.1,0
17376.0,14,1,97.35,2
17377.0,18,5,906.05,2
17381.0,123,6,2578.92,0
17386.0,57,3,1541.4,2
17388.0,21,3,877.96,2
17389.0,18,17,10906.68,2
17391.0,107,2,508.8,0
17392.0,301,1,312.41,3
17396.0,92,5,4404.3,2
17398.0,58,3,653.38,2
17400.0,153,4,1312.52,0
17402.0,28,6,1161.4,2
17404.0,31,6,18921.0,2
17405.0,16,1,489.7000000000001,2
17408.0,107,1,32.65,0
17411.0,19,2,569.44,2
17412.0,139,2,371.16,0
17415.0,23,1,507.84,2
17416.0,21,5,3764.1,2
17418.0,267,1,167.39,3
17419.0,87,4,1599.15,0
17420.0,114,1,260.66,0
17422.0,86,2,614.3199999999999,0
17426.0,119,2,2085.35,0
17427.0,15,1,100.8,2
17428.0,28,9,7393.71,2
17431.0,256,1,403.3,3
17434.0,28,1,499.56,2
17436.0,170,1,122.4,3
17438.0,197,1,388.4500000000001,3
17442.0,108,2,695.01,0
17444.0,91,2,1722.4,0
17446.0,120,1,52.8,0
17447.0,15,1,372.48,2
17449.0,177,2,984.35,3
17450.0,14,25,135990.98,1
17451.0,25,2,560.98,2
17454.0,135,4,517.53,0
17455.0,147,1,131.7,0
17457.0,148,1,367.2,0
17460.0,169,3,392.28,3
17462.0,227,1,463.41,3
17463.0,119,3,1245.64,0
17466.0,22,1,460.41,2
17469.0,16,3,1051.36,2
17472.0,231,2,451.02,3
17475.0,22,1,194.37,2
17480.0,21,1,511.82,2
17483.0,77,1,119.64,0
17486.0,204,1,396.87,3
17490.0,17,3,1014.5,2
17491.0,18,4,1503.42,2
17496.0,302,1,271.05,3
17498.0,19,1,272.22,2
17499.0,233,1,622.88,3
17504.0,150,8,2745.28,0
17505.0,149,1,486.99,0
17506.0,19,1,302.2,2
17507.0,205,1,265.02,3
17509.0,1,1,898.14,2
17511.0,17,13,36097.93,2
17512.0,143,4,708.3100000000001,0
17513.0,15,1,513.2,2
17515.0,149,3,571.37,0
17516.0,229,2,327.83,3
17519.0,77,4,1152.7,2
17521.0,142,1,159.56,0
17522.0,82,2,225.69,0
17524.0,304,1,145.0,3
17525.0,303,1,422.7000000000001,3
17526.0,234,2,646.0,3
17527.0,24,2,496.11,2
17528.0,14,2,1107.08,2
17530.0,28,6,1462.77,2
17536.0,121,1,76.5,0
17540.0,259,1,268.8,3
17542.0,213,1,170.75,3
17548.0,177,1,103.3,3
17550.0,140,2,110.94,0
17551.0,302,1,306.84,3
17552.0,14,1,615.39,2
17554.0,91,1,772.43,0
17556.0,149,1,157.9,0
17557.0,24,1,288.36,2
17560.0,147,1,323.95,0
17562.0,30,3,617.58,2
17564.0,23,1,119.12,2
17567.0,1,4,2269.75,2
17571.0,89,2,485.6,0
17572.0,14,2,112.15,2
17573.0,28,1,7.5,2
17576.0,16,9,1320.72,2
17579.0,81,2,270.86,0
17580.0,255,2,168.02,3
17581.0,22,8,5046.12,2
17582.0,180,1,175.27,3
17585.0,53,3,715.26,2
17588.0,44,3,1240.2,2
17589.0,183,1,590.77,3
17591.0,17,5,1605.77,2
17593.0,88,3,2263.52,0
17594.0,28,2,993.18,2
17596.0,79,1,449.87,0
17601.0,182,1,116.01,3
17602.0,28,2,2011.49,2
17603.0,21,1,394.72,2
17604.0,255,1,136.24,3
17609.0,16,2,643.39,2
17611.0,16,7,2146.89,2
17612.0,56,3,978.58,2
17613.0,25,8,2954.58,2
17615.0,147,1,118.55,0
17616.0,117,2,244.8,0
17619.0,255,1,218.52,3
17621.0,256,2,901.78,3
17625.0,83,2,1234.78,0
17628.0,24,1,75.75,2
17629.0,115,2,347.59,0
17630.0,113,2,503.6,0
17631.0,81,2,416.5,0
17633.0,15,2,671.61,2
17634.0,178,1,164.75,3
17637.0,59,1,338.95,0
17640.0,30,1,621.66,2
17642.0,120,1,395.3,0
17644.0,22,7,1817.81,2
17648.0,136,2,523.52,0
17649.0,81,1,868.49,0
17651.0,23,3,1357.85,2
17652.0,27,4,1982.56,2
17655.0,60,3,913.33,2
17656.0,17,3,1200.71,2
17659.0,43,6,1029.21,2
17660.0,85,1,196.0,0
17663.0,28,4,1062.09,2
17667.0,242,1,928.05,3
17669.0,29,4,2350.72,2
17670.0,171,1,205.7,3
17673.0,105,3,922.58,0
17674.0,18,1,250.38,2
17675.0,14,14,9630.14,2
17676.0,52,1,230.98,0
17677.0,26,14,7660.86,2
17678.0,207,1,298.11,3
17679.0,29,1,1643.2,2
17682.0,58,3,1142.06,2
17685.0,210,3,698.5,3
17686.0,24,4,1964.88,2
17690.0,45,4,1595.55,2
17691.0,301,1,147.9,3
17692.0,170,2,512.76,3
17693.0,80,1,200.47,0
17694.0,85,1,283.12,0
17695.0,75,2,765.34,0
17696.0,51,2,677.9,0
17697.0,179,1,338.95,3
17698.0,204,1,154.95,3
17702.0,52,3,1338.77,2
17703.0,52,2,490.96,0
17704.0,112,2,885.19,0
17705.0,18,4,781.12,2
17706.0,44,6,6786.25,2
17708.0,268,1,110.6,3
17709.0,113,1,137.45,0
17711.0,233,1,220.53000000000003,3
17714.0,264,1,153.0,3
17715.0,144,1,326.4,0
17716.0,19,4,2706.43,2
17718.0,176,1,139.35,3
17719.0,19,9,3129.12,2
17720.0,56,2,785.6,0
17722.0,268,1,833.44,3
17723.0,116,2,1077.1,0
17724.0,14,3,1033.0,2
17725.0,14,8,2527.79,2
17728.0,30,1,345.03000000000003,2
17730.0,22,6,2182.68,2
17731.0,22,1,276.37,2
17733.0,205,1,216.95,3
17734.0,80,2,540.21,0
17735.0,51,8,5813.7300000000005,2
17736.0,56,1,307.49,0
17738.0,92,2,791.57,0
17739.0,15,3,1290.4,2
17742.0,56,1,52.54,0
17744.0,266,3,1008.4,3
17746.0,183,1,110.25,3
17747.0,56,1,71.4,0
17749.0,121,2,674.52,0
17750.0,25,5,1209.35,2
17752.0,302,1,80.64,3
17754.0,85,2,575.06,0
17757.0,13,11,2065.46,2
17758.0,22,3,1157.07,2
17759.0,113,2,167.15,0
17763.0,206,1,15.0,3
17765.0,154,2,262.55,0
17768.0,109,1,411.33,0
17769.0,82,3,1320.28,0
17770.0,142,2,176.2,0
17771.0,266,1,115.8,3
17774.0,89,1,394.88,0
17775.0,198,1,56.4,3
17777.0,43,1,194.7,0
17779.0,31,2,489.51,2
17781.0,196,1,102.0,3
17783.0,15,1,171.06,2
17786.0,29,2,278.74,2
17787.0,267,1,529.91,3
17788.0,17,1,1101.2,2
17790.0,77,6,692.5,2
17795.0,123,2,350.39,0
17796.0,257,1,225.1,3
17799.0,107,7,2031.4,2
17800.0,61,1,169.8,0
17802.0,25,1,652.62,2
17805.0,17,1,512.31,2
17809.0,116,1,90.0,0
17811.0,17,14,3242.07,2
17813.0,14,1,306.61,2
17816.0,212,1,5.1,3
17819.0,15,4,2125.3,2
17828.0,53,2,243.5,0
17829.0,242,1,889.24,3
17830.0,205,2,287.65000000000003,3
17837.0,18,3,422.75,2
17838.0,235,1,752.14,3
17841.0,15,54,15747.59,2
17844.0,50,1,51.56,0
17846.0,28,1,2033.1,2
17848.0,24,6,533.67,2
17849.0,207,1,151.45000000000002,3
17854.0,170,1,111.76,3
17856.0,177,2,659.82,3
17857.0,16,10,7395.36,2
17858.0,25,7,3024.44,2
17861.0,79,3,592.36,0
17862.0,267,1,330.9,3
17863.0,24,3,1236.6,2
17865.0,22,13,6238.85,2
17866.0,86,1,329.65,0
17867.0,87,4,957.48,0
17869.0,50,2,117.22,0
17870.0,15,5,329.7,2
17871.0,148,1,155.9,0
17873.0,23,2,762.09,2
17874.0,168,5,560.7,0
17877.0,114,1,237.61,0
17879.0,117,1,178.51999999999998,0
17883.0,30,1,78.45,0
17886.0,154,1,173.07,0
17888.0,22,3,180.73,2
17889.0,265,1,101.85,3
17890.0,266,2,602.09,3
17891.0,105,1,203.86,0
17892.0,1,1,10.2,2
17893.0,168,1,112.25,3
17894.0,15,6,884.14,2
17897.0,116,1,131.98,0
17898.0,28,2,152.06,2
17905.0,14,2,373.65,2
17912.0,302,2,184.26,3
17913.0,299,1,218.05,3
17917.0,199,1,119.55,3
17920.0,22,7,1593.3,2
17921.0,91,3,601.76,0
17926.0,76,2,397.29,0
17929.0,56,2,510.8,0
17930.0,15,3,990.6,2
17931.0,77,2,408.36,0
17932.0,117,1,345.5,0
17935.0,82,2,145.79,0
17937.0,58,4,2220.96,2
17940.0,52,3,290.5,2
17946.0,176,2,149.57999999999998,3
17948.0,91,1,358.56000000000006,0
17949.0,14,21,42078.92,2
17950.0,15,1,219.03,2
17951.0,302,1,114.0,3
17954.0,106,6,1183.68,2
17955.0,142,1,163.2,0
17958.0,60,1,508.4599999999999,0
17960.0,114,1,73.78,0
17961.0,14,24,980.54,2
17962.0,85,1,102.83,0
17965.0,77,4,686.48,0
17966.0,204,1,147.0,3
17969.0,110,2,228.2,0
17975.0,58,7,2634.63,2
17979.0,112,3,504.54,0
17980.0,109,3,811.45,0
17984.0,88,1,152.68,0
17988.0,60,4,132.63,2
17990.0,180,3,630.84,3
17991.0,168,2,93.35,3
17994.0,234,1,307.25,3
17997.0,17,4,697.5699999999999,2
18001.0,30,1,252.23,2
18008.0,13,8,1953.69,2
18009.0,179,1,257.34,3
18010.0,200,1,174.8,3
18016.0,17,2,792.65,2
18017.0,24,2,358.0,2
18018.0,51,2,122.14,0
18036.0,49,1,143.74,0
18037.0,168,4,29.52,3
18041.0,14,8,1682.83,2
18043.0,150,1,135.35,0
18044.0,31,6,1341.23,2
18048.0,146,2,172.29000000000002,0
18050.0,302,1,74.4,3
18053.0,14,1,300.02,2
18055.0,27,4,3258.15,2
18056.0,231,1,363.65,3
18061.0,51,4,813.1,2
18062.0,116,1,234.6,0
18064.0,76,2,814.0,0
18065.0,30,4,942.07,2
18066.0,18,1,318.0,2
18068.0,232,1,101.7,3
18069.0,178,2,689.56,3
18071.0,201,1,194.05,3
18073.0,57,8,2407.34,2
18075.0,49,6,1622.28,2
18077.0,47,5,1210.33,2
18078.0,202,1,197.94,3
18079.0,182,1,1612.83,3
18081.0,56,2,208.05,0
18085.0,273,1,386.05,3
18087.0,234,1,3202.92,3
18092.0,30,5,3814.56,2
18093.0,241,1,264.6,3
18094.0,25,6,2384.3,2
18095.0,256,1,205.3,3
18096.0,1,1,474.05,2
18097.0,148,2,981.9,0
18101.0,87,1,110.23,0
18102.0,15,27,93724.36,1
18106.0,273,1,430.7,3
18108.0,197,1,271.0,3
18109.0,16,9,2623.88,2
18112.0,109,1,196.64,0
18114.0,234,1,220.1,3
18116.0,177,5,913.78,3
18118.0,21,9,2209.45,2
18121.0,93,1,23.25,0
18122.0,28,1,201.94,2
18125.0,145,3,945.14,0
18127.0,77,1,139.6,0
18135.0,23,1,123.65,2
18136.0,263,1,288.99,3
18138.0,238,1,152.65,3
18143.0,60,2,1000.16,0
18144.0,21,7,1685.9,2
18145.0,31,3,2103.25,2
18146.0,84,1,83.7,0
18147.0,52,1,98.88,0
18150.0,83,2,413.28,0
18151.0,78,2,653.35,0
18155.0,19,3,371.62,2
18160.0,144,1,318.55,0
18161.0,84,2,526.47,0
18165.0,121,1,302.46000000000004,0
18167.0,49,1,498.48,0
18168.0,119,4,712.29,0
18170.0,55,1,351.3,0
18171.0,106,2,443.97,0
18172.0,21,9,3735.08,2
18173.0,30,3,1253.36,2
18176.0,301,1,476.35,3
18177.0,147,4,713.65,0
18179.0,198,2,557.36,3
18180.0,24,3,903.0,2
18183.0,170,1,319.27000000000004,3
18188.0,21,2,1608.28,2
18189.0,21,2,1090.24,2
18190.0,135,2,284.46000000000004,0
18191.0,205,1,207.8,3
18192.0,15,1,957.97,2
18193.0,108,1,243.76,0
18194.0,26,1,973.84,2
18196.0,233,1,450.78,3
18198.0,15,10,3266.73,2
18200.0,49,1,163.8,0
18202.0,143,2,911.26,0
18204.0,14,3,1993.7,2
18205.0,18,1,225.76,2
18210.0,210,1,142.4,3
18211.0,29,2,282.3,2
18212.0,269,1,248.42,3
18213.0,180,1,232.48,3
18217.0,14,1,317.90000000000003,2
18219.0,93,6,929.32,2
18220.0,170,1,305.28000000000003,3
18221.0,59,1,169.85,0
18223.0,86,9,3589.61,2
18224.0,207,1,158.95000000000002,3
18225.0,27,6,3450.14,2
18226.0,25,5,2484.17,2
18228.0,23,1,420.39,2
18229.0,14,11,4193.46,2
18230.0,117,2,792.24,0
18231.0,135,5,2083.27,0
18232.0,25,3,463.33,2
18233.0,269,1,440.0,3
18235.0,15,1,1046.68,2
18236.0,23,2,255.75,2
18237.0,78,1,323.38,0
18239.0,203,3,656.8,3
18241.0,18,9,869.0400000000001,2
18242.0,16,3,1918.23,2
18245.0,92,4,1171.43,0
18246.0,176,1,232.9,3
18251.0,30,1,4314.72,2
18252.0,115,1,69.89999999999999,0
18257.0,57,5,1562.87,2
18259.0,28,1,891.9000000000001,2
18260.0,116,5,2086.13,0
18262.0,83,1,149.48,0
18265.0,15,1,312.96,2
18268.0,77,1,25.5,0
18270.0,210,1,111.95,3
18272.0,57,2,712.97,0
18273.0,201,1,51.0,3
18278.0,17,1,173.9,2
18283.0,92,8,877.32,2
18287.0,145,1,765.28,0
